-- phpMyAdmin SQL Dump
-- version 4.9.7
-- https://www.phpmyadmin.net/
--
-- Host: localhost:3306
-- Generation Time: Jul 30, 2022 at 01:25 AM
-- Server version: 10.5.15-MariaDB-cll-lve
-- PHP Version: 7.4.29

SET SQL_MODE = "NO_AUTO_VALUE_ON_ZERO";
SET AUTOCOMMIT = 0;
START TRANSACTION;
SET time_zone = "+00:00";


/*!40101 SET @OLD_CHARACTER_SET_CLIENT=@@CHARACTER_SET_CLIENT */;
/*!40101 SET @OLD_CHARACTER_SET_RESULTS=@@CHARACTER_SET_RESULTS */;
/*!40101 SET @OLD_COLLATION_CONNECTION=@@COLLATION_CONNECTION */;
/*!40101 SET NAMES utf8mb4 */;

--
-- Database: `u1796449_ayominumamanah`
--

-- --------------------------------------------------------

--
-- Table structure for table `armada`
--

CREATE TABLE `armada` (
  `id` int(4) NOT NULL,
  `plat` varchar(11) NOT NULL,
  `jenis_mobil` enum('PS','ENGKEL','L300','FUSO','GRAN MAX') NOT NULL,
  `kateg_mobil` enum('S','M','L','XL') NOT NULL,
  `kecepatan_kosong` int(3) NOT NULL,
  `kecepatan_muatan` int(3) NOT NULL,
  `tanggal_registrasi` datetime NOT NULL DEFAULT current_timestamp(),
  `tanggal_update_data` timestamp NULL DEFAULT current_timestamp() ON UPDATE current_timestamp(),
  `status_keaktifan` enum('AKTIF','NON AKTIF') NOT NULL DEFAULT 'AKTIF'
) ENGINE=InnoDB DEFAULT CHARSET=latin1;

--
-- Dumping data for table `armada`
--

INSERT INTO `armada` (`id`, `plat`, `jenis_mobil`, `kateg_mobil`, `kecepatan_kosong`, `kecepatan_muatan`, `tanggal_registrasi`, `tanggal_update_data`, `status_keaktifan`) VALUES
(1, 'DA 8062 PR', 'PS', 'L', 50, 35, '2019-12-16 23:40:35', '2022-03-18 04:18:35', 'AKTIF'),
(2, 'DA 8063 PQ', 'ENGKEL', 'M', 55, 40, '2019-12-16 23:43:03', '2022-04-08 03:23:17', 'NON AKTIF'),
(3, 'DA 8063 PR', 'ENGKEL', 'M', 55, 40, '2019-12-16 23:43:03', '2020-11-01 13:13:33', 'AKTIF'),
(4, 'DA 8148 PQ', 'L300', 'S', 55, 40, '2019-12-16 23:46:39', '2020-11-01 13:13:48', 'AKTIF'),
(5, 'DA 8148 PR', 'L300', 'S', 55, 40, '2019-12-16 23:46:39', '2020-11-01 13:13:48', 'AKTIF'),
(6, 'DA 8160 PR', 'FUSO', 'XL', 45, 30, '2019-12-16 23:47:31', '2020-11-03 03:47:44', 'AKTIF'),
(7, 'DA 8170 PQ', 'FUSO', 'XL', 45, 30, '2019-12-16 23:47:31', '2020-11-03 03:47:44', 'AKTIF'),
(8, 'DA 8540 PP', 'PS', 'L', 50, 35, '2019-12-16 23:40:35', '2020-11-03 03:47:44', 'AKTIF'),
(9, 'DA 8956 PP', 'ENGKEL', 'M', 55, 40, '2019-12-16 23:43:03', '2020-11-01 13:13:33', 'AKTIF'),
(10, 'DA 8704 TPC', 'PS', 'L', 50, 35, '2019-12-16 23:40:35', '2020-11-03 03:47:44', 'AKTIF'),
(12, 'DA 8754 PM', 'ENGKEL', 'M', 55, 40, '2019-12-16 23:43:03', '2020-11-01 13:13:33', 'AKTIF'),
(13, 'DA 8790 TPB', 'L300', 'S', 55, 40, '2019-12-16 23:46:39', '2020-11-01 13:13:48', 'AKTIF'),
(14, 'DA 8913 TPC', 'L300', 'S', 55, 40, '2019-12-16 23:46:39', '2020-11-01 13:13:48', 'AKTIF'),
(15, 'DA 8950 TPB', 'GRAN MAX', 'S', 55, 40, '2019-12-16 23:46:39', '2020-11-01 13:13:48', 'AKTIF'),
(16, 'DA 8727 PR', 'GRAN MAX', 'S', 55, 40, '2019-12-16 23:46:39', '2020-11-01 13:13:48', 'AKTIF'),
(17, 'DA 8238 PT', 'PS', 'L', 50, 35, '2019-12-16 23:40:35', '2020-11-03 03:47:44', 'AKTIF'),
(18, 'DA 8068 PU', 'L300', 'S', 55, 40, '2019-12-16 23:46:39', '2020-11-01 13:13:48', 'AKTIF'),
(19, 'DA 8017 TPF', 'PS', 'L', 50, 35, '2020-08-03 10:29:27', '2020-11-03 03:47:44', 'AKTIF');

-- --------------------------------------------------------

--
-- Table structure for table `distribusi`
--

CREATE TABLE `distribusi` (
  `id` int(11) NOT NULL,
  `tanggal` timestamp NULL DEFAULT current_timestamp(),
  `no_perjalanan` varchar(20) NOT NULL,
  `id_plat` int(4) NOT NULL,
  `driver` int(4) DEFAULT NULL,
  `helper_1` int(4) DEFAULT NULL,
  `helper_2` int(4) DEFAULT NULL,
  `nama_pel_1` int(11) DEFAULT NULL,
  `nama_pel_2` int(11) DEFAULT NULL,
  `nama_pel_3` int(11) DEFAULT NULL,
  `bongkar` enum('0','1') DEFAULT NULL,
  `cup1` int(4) DEFAULT 0,
  `a3301` int(4) DEFAULT 0,
  `a5001` int(4) DEFAULT 0,
  `a6001` int(4) DEFAULT 0,
  `refill1` int(4) DEFAULT 0,
  `cup2` int(4) DEFAULT 0,
  `a3302` int(4) DEFAULT 0,
  `a5002` int(4) DEFAULT 0,
  `a6002` int(4) DEFAULT 0,
  `refill2` int(4) DEFAULT 0,
  `cup3` int(4) DEFAULT 0,
  `a3303` int(4) DEFAULT 0,
  `a5003` int(4) DEFAULT 0,
  `a6003` int(4) DEFAULT 0,
  `refill3` int(4) DEFAULT 0,
  `jam_berangkat` datetime DEFAULT NULL,
  `estimasi_jam_datang` datetime DEFAULT NULL,
  `jam_datang` datetime DEFAULT NULL,
  `keterangan` varchar(255) DEFAULT NULL,
  `tgl_validasi` datetime DEFAULT NULL,
  `validasi_oleh` int(11) DEFAULT NULL,
  `status` enum('0','1') NOT NULL DEFAULT '0' COMMENT '0 = perlu validasi1 = sudah validasi'
) ENGINE=InnoDB DEFAULT CHARSET=latin1;

--
-- Dumping data for table `distribusi`
--

INSERT INTO `distribusi` (`id`, `tanggal`, `no_perjalanan`, `id_plat`, `driver`, `helper_1`, `helper_2`, `nama_pel_1`, `nama_pel_2`, `nama_pel_3`, `bongkar`, `cup1`, `a3301`, `a5001`, `a6001`, `refill1`, `cup2`, `a3302`, `a5002`, `a6002`, `refill2`, `cup3`, `a3303`, `a5003`, `a6003`, `refill3`, `jam_berangkat`, `estimasi_jam_datang`, `jam_datang`, `keterangan`, `tgl_validasi`, `validasi_oleh`, `status`) VALUES
(4896, '2022-06-19 09:55:05', 'NJ/2022/06/0001', 1, 38, 11, NULL, 95, NULL, NULL, '1', 0, 0, 0, 0, 315, 0, 0, 0, 0, 0, 0, 0, 0, 0, 0, '2022-06-19 17:55:04', '2022-06-20 07:45:14', '2022-06-20 07:18:00', '', '2022-06-19 10:18:08', 56, '1'),
(4897, '2022-06-21 03:38:33', 'NJ/2022/06/0002', 7, 11, 38, NULL, 94, 69, NULL, '1', 100, 100, 100, 100, 100, 100, 100, 100, 100, 100, 0, 0, 0, 0, 0, '2022-06-21 11:38:27', '2022-06-22 06:08:27', '2022-06-22 06:05:02', '', '2022-06-21 03:40:26', 56, '1'),
(4898, '2022-06-21 03:39:05', 'NJ/2022/06/0003', 6, 11, 38, NULL, 95, NULL, NULL, '1', 0, 0, 0, 0, 600, 0, 0, 0, 0, 0, 0, 0, 0, 0, 0, '2022-06-21 11:39:00', '2022-06-22 06:14:00', '2022-06-22 06:10:48', '', '2022-06-21 03:40:58', 56, '1'),
(4899, '2022-06-26 15:01:32', 'NJ/2022/06/0004', 19, 11, 27, NULL, 208, 81, NULL, '1', 0, 0, 0, 0, 100, 0, 0, 0, 0, 200, 0, 0, 0, 0, 0, '2022-06-25 09:01:19', '2022-06-25 15:42:03', '2022-06-25 15:07:17', '', '2022-06-26 16:10:12', 56, '1'),
(4905, '2022-07-10 17:04:35', 'NJ/2022/07/0002', 10, 11, 38, NULL, 65, 81, 77, '1', 11, 12, 13, 14, 15, 1, 2, 3, 4, 5, 21, 22, 23, 24, 25, '2022-07-11 14:04:19', '2022-07-11 19:02:53', '2022-07-11 20:42:22', 'mogok', '2022-07-10 18:42:43', 56, '1'),
(4908, '2022-07-10 17:14:35', 'NJ/2022/07/0003', 4, 11, 17, NULL, 205, 10, NULL, '1', 22, 23, 24, 25, 26, 11, 12, 13, 14, 15, NULL, NULL, NULL, NULL, NULL, '2022-07-11 13:14:10', '2022-07-11 15:55:26', '2022-07-11 16:10:53', '', '2022-07-13 19:11:05', 56, '1'),
(4909, '2022-07-11 02:42:08', 'NJ/2022/07/0004', 8, 11, 38, NULL, 95, 94, NULL, '1', 100, 100, 100, 100, 100, 50, 50, 50, 50, 50, NULL, NULL, NULL, NULL, NULL, '2022-07-11 10:42:04', '2022-07-12 02:14:30', '2022-07-12 03:15:30', '', '2022-07-14 05:44:42', 56, '1'),
(4910, '2022-07-11 02:43:42', 'NJ/2022/07/0005', 3, 11, 38, NULL, 158, 78, 48, '1', 10, 12, 14, 16, 18, 100, 100, 100, 100, 100, 21, 22, 23, 24, 25, '2022-07-11 17:43:32', '2022-07-12 01:29:29', '2022-07-12 01:30:49', '', '2022-07-14 05:44:59', 56, '1'),
(4911, '2022-07-11 02:45:11', 'NJ/2022/07/0006', 17, 11, 27, NULL, 133, 208, 153, '1', 15, 15, 15, 15, 15, 21, 21, 21, 21, 21, 50, 50, 51, 51, 52, '2022-07-11 10:45:06', '2022-07-11 19:05:37', '2022-07-11 18:45:03', '', '2022-07-14 05:45:13', 56, '1'),
(4912, '2022-07-11 02:47:01', 'NJ/2022/07/0007', 12, 15, 32, 38, 227, 77, NULL, '1', 10, 20, 30, 40, 50, 18, 19, 20, 21, 22, NULL, NULL, NULL, NULL, NULL, '2022-07-11 10:46:23', '2022-07-11 15:02:01', '2022-07-11 13:45:17', '', '2022-07-14 05:45:26', 56, '1'),
(4913, '2022-07-13 19:54:22', 'NJ/2022/07/0008', 19, 11, 38, 17, 99, 135, NULL, '1', 0, 0, 0, 0, 150, 0, 0, 0, 0, 150, NULL, NULL, NULL, NULL, NULL, '2022-07-13 14:54:00', '2022-07-13 23:27:23', '2022-07-13 23:45:33', '', '2022-07-14 05:45:47', 56, '1'),
(4914, '2022-07-14 05:58:03', 'NJ/2022/07/0009', 1, 11, 27, 38, 172, 83, NULL, '1', 100, 100, 100, 50, 150, 50, 50, 50, 100, 150, NULL, NULL, NULL, NULL, NULL, '2022-07-14 13:58:01', '2022-07-15 04:13:38', '2022-07-15 03:50:32', '', '2022-07-22 07:50:49', 56, '1'),
(4915, '2022-07-14 07:22:23', 'NJ/2022/07/0010', 8, 15, 32, 34, 189, 30, 6, '1', 10, 20, 30, 40, 50, 60, 70, 80, 90, 100, 10, 20, 30, 40, 50, '2022-07-14 15:22:22', '2022-07-15 04:30:51', '2022-07-15 04:12:45', '', '2022-07-19 12:12:58', 56, '1'),
(4916, '2022-07-14 07:22:49', 'NJ/2022/07/0011', 10, 15, 38, 27, 135, NULL, NULL, '1', 100, 100, 50, 50, 100, NULL, NULL, NULL, NULL, NULL, NULL, NULL, NULL, NULL, NULL, '2022-07-14 15:22:48', '2022-07-14 22:23:41', '2022-07-14 22:13:15', '', '2022-07-19 12:13:27', 56, '1'),
(4917, '2022-07-14 07:23:29', 'NJ/2022/07/0012', 17, 9, 38, 20, 185, 100, NULL, '1', 0, 0, 0, 0, 150, 0, 0, 0, 0, 200, NULL, NULL, NULL, NULL, NULL, '2022-07-14 15:23:28', '2022-07-14 22:06:13', '2022-07-14 22:13:44', '', '2022-07-19 12:13:53', 56, '1'),
(4918, '2022-07-14 07:24:16', 'NJ/2022/07/0013', 1, 37, 16, 33, 66, 40, NULL, '1', 0, 0, 0, 50, 50, 0, 0, 0, 0, 250, NULL, NULL, NULL, NULL, NULL, '2022-07-14 15:24:14', '2022-07-15 06:47:22', '2022-07-15 06:14:26', '', '2022-07-19 12:14:40', 56, '1'),
(4919, '2022-07-14 07:25:00', 'NJ/2022/07/0014', 17, 37, 39, 17, 123, NULL, NULL, '1', 100, 0, 0, 0, 300, NULL, NULL, NULL, NULL, NULL, NULL, NULL, NULL, NULL, NULL, '2022-07-14 15:24:53', '2022-07-15 05:23:46', '2022-07-15 06:14:57', '', '2022-07-19 12:15:11', 56, '1'),
(4920, '2022-07-15 08:14:15', 'NJ/2022/07/0015', 6, 11, 38, 27, 30, 6, NULL, '1', 0, 0, 0, 0, 100, 0, 0, 0, 0, 100, NULL, NULL, NULL, NULL, NULL, '2022-07-15 16:14:09', '2022-07-16 04:25:43', '2022-07-16 05:15:20', '', '2022-07-19 12:15:48', 56, '1'),
(4921, '2022-07-19 05:41:05', 'NJ/2022/07/0016', 6, 2, 20, 33, 30, 95, NULL, '1', 100, 20, 0, 10, 300, 0, 0, 0, 0, 315, NULL, NULL, NULL, NULL, NULL, '2022-07-19 13:50:46', '2022-07-20 08:02:57', NULL, NULL, NULL, NULL, '0'),
(4922, '2022-07-20 02:39:54', 'NJ/2022/07/0017', 17, 11, 27, 33, 124, 69, NULL, '1', 0, 0, 0, 0, 125, 0, 0, 0, 0, 175, NULL, NULL, NULL, NULL, NULL, '2022-07-20 10:39:38', '2022-07-20 21:50:20', NULL, NULL, NULL, NULL, '0'),
(4923, '2022-07-20 02:41:31', 'NJ/2022/07/0018', 19, 11, 39, 20, 66, NULL, NULL, '1', 50, 0, 0, 0, 300, NULL, NULL, NULL, NULL, NULL, NULL, NULL, NULL, NULL, NULL, '2022-07-20 10:41:27', '2022-07-21 01:28:06', NULL, NULL, NULL, NULL, '0'),
(4924, '2022-07-20 02:42:05', 'NJ/2022/07/0019', 10, 11, 16, NULL, 135, NULL, NULL, '1', 600, 0, 0, 0, 0, NULL, NULL, NULL, NULL, NULL, NULL, NULL, NULL, NULL, NULL, '2022-07-20 10:42:02', '2022-07-20 18:20:25', NULL, NULL, NULL, NULL, '0'),
(4925, '2022-07-20 02:43:02', 'NJ/2022/07/0020', 7, 37, 17, 38, 75, 82, 83, '1', 0, 0, 0, 0, 150, 0, 0, 0, 0, 150, 100, 0, 0, 0, 250, '2022-07-20 10:43:00', '2022-07-21 03:31:40', NULL, NULL, NULL, NULL, '0'),
(4926, '2022-07-20 02:44:45', 'NJ/2022/07/0021', 8, 12, 39, 34, 40, 105, NULL, '1', 0, 0, 0, 0, 200, 0, 0, 0, 0, 100, NULL, NULL, NULL, NULL, NULL, '2022-07-20 10:44:40', '2022-07-21 02:12:29', NULL, NULL, NULL, NULL, '0');

-- --------------------------------------------------------

--
-- Table structure for table `distributor`
--

CREATE TABLE `distributor` (
  `id` int(11) NOT NULL,
  `nama` varchar(100) NOT NULL,
  `id_da` varchar(10) NOT NULL,
  `paket` enum('DISTRIBUTOR','SUB DISTRIBUTOR','BUKAN SUB/DISTRIBUTOR') NOT NULL,
  `alamat_dropping` varchar(1028) NOT NULL,
  `no_telepon` varchar(15) NOT NULL,
  `jarak` float NOT NULL,
  `lat` varchar(20) DEFAULT NULL,
  `lng` varchar(20) DEFAULT NULL,
  `tanggal_registrasi` datetime NOT NULL DEFAULT current_timestamp(),
  `tanggal_update_data` timestamp NOT NULL DEFAULT current_timestamp() ON UPDATE current_timestamp(),
  `status_keaktifan` enum('AKTIF','NON AKTIF') NOT NULL
) ENGINE=InnoDB DEFAULT CHARSET=latin1;

--
-- Dumping data for table `distributor`
--

INSERT INTO `distributor` (`id`, `nama`, `id_da`, `paket`, `alamat_dropping`, `no_telepon`, `jarak`, `lat`, `lng`, `tanggal_registrasi`, `tanggal_update_data`, `status_keaktifan`) VALUES
(1, 'PAGUYUBAN BAKSO DAN PENTOL', 'BD9995', 'BUKAN SUB/DISTRIBUTOR', 'JL. TELAGA BUDI, NO. 45 RT 006 RW 002, KEL ANGSAU, KEC PELAIHARI, KAB TANAH LAUT', '085752826030', 45.78, '-3.799633893741226', '114.77453401845882', '2021-11-06 14:58:21', '2022-07-11 11:35:09', 'AKTIF'),
(2, 'POSKO BANJIR HANDIL BAKTI', 'BD9996', 'BUKAN SUB/DISTRIBUTOR', 'HANDIL BAKTI', 'TIDAK ADA', 44.88, '-3.2735115143708193', '114.60060954093935', '2021-01-22 16:48:29', '2022-07-12 02:23:18', 'AKTIF'),
(3, 'POSKO BANJIR', 'BD9997', 'BUKAN SUB/DISTRIBUTOR', 'BANJARBARU', 'TIDAK ADA', 5.16, '-3.461187589301148', '114.81262207031251', '2021-01-18 15:43:23', '2022-07-12 02:22:57', 'AKTIF'),
(4, 'Rumah Dinas', 'BD9998', 'BUKAN SUB/DISTRIBUTOR', 'Banjarbaru', '082255295234', 10.13, '-3.4426732758850274', '114.83307123184206', '2020-08-28 09:32:40', '2022-07-12 02:41:08', 'AKTIF'),
(5, 'CONCORDIA', 'BD9999', 'BUKAN SUB/DISTRIBUTOR', 'Landasan Ulin', '082253007300', 15.96, '-3.4284116818267836', '114.73964452743532', '2020-08-18 14:00:23', '2022-07-10 00:14:40', 'AKTIF'),
(6, 'MUHAMMAD ARSYAD', 'DA0378', 'DISTRIBUTOR', 'JL. SABERAN EFENDI RT 3 KELURAHAN SUNGAI MALANG', '082152680000', 166.47, '-2.4113513395534745', '115.23772968734698', '2016-10-12 19:58:22', '2022-07-11 10:55:20', 'AKTIF'),
(7, 'M ISYA ANSHARI', 'DA0379', 'DISTRIBUTOR', 'JL.A YANI 79 RT 06/LK III KEL.KANDANGAN UTARA KEC.KANDANGAN HSS GANG MEKAR SUBUR', '08125319990', 110.9, '-2.774668643460934', '115.26346921920778', '2016-08-16 00:00:00', '2022-07-11 10:13:21', 'AKTIF'),
(8, 'M TALHAH', 'DA0380', 'DISTRIBUTOR', 'JL. JENDERAL SUDIRMAN RT.04 DESA TIBUNG RAYA KECAMATAN KANDANGAN  HSS ( SEBERANG KEJARI HSS)', '085251212191', 110.69, '-2.7798885651233807', '115.26452064514162', '2016-08-16 20:01:22', '2022-07-11 10:20:50', 'AKTIF'),
(9, 'MUNZIRIN', 'DA0381', 'DISTRIBUTOR', 'SEPUNGUR PUSAN HILIR,TANBU', '085348306070', 285.61, '-3.5241408352388173', '115.96462942514957', '2016-08-16 20:04:46', '2022-07-11 11:16:46', 'AKTIF'),
(10, 'AHDIYAT NURHAN', 'DA0382', 'DISTRIBUTOR', 'JALAN PERJUANGAN KOMPLEK SURYA LANGGENG 3 BLOK A NO 4 RT 09 RW O4 SUNGAI SIPAI MARTAPURA', '08125002213', 12.13, '-3.4241847070859', '114.8346269130707', '2016-08-16 00:00:00', '2022-07-09 15:40:27', 'AKTIF'),
(11, 'IMAN BASUKI', 'DA0383', 'DISTRIBUTOR', 'JL. KOPI 58 MENTAWA BARU ILIR KETAPANG,SAMPIT (AMBIL DI PABRIK)', '081251612169', 454.24, '-2.5424615898064804', '112.9558575153351', '2016-09-05 00:00:00', '2022-07-10 08:37:41', 'AKTIF'),
(12, 'HARYANTO', 'DA0384', 'DISTRIBUTOR', 'MENARAP', '0895605937806', 33.25, '-3.3601668384215944', '114.62749565107418', '2016-08-15 00:00:00', '2022-07-10 06:08:13', 'AKTIF'),
(13, 'GURUH BUDHI S', 'DA0385', 'DISTRIBUTOR', 'JL. MAHLIGAI KM.7 KOMPLEK BOGA TENGAH PERMAI NO.34B RT.15 RW.02 KERTAK HANYAR II, BANJAR', '082270698730', 33.16, '-3.351152047219363', '114.63781714439394', '2016-09-09 00:00:00', '2022-07-10 03:15:27', 'AKTIF'),
(14, 'EMMA RAMAYANTI', 'DA0386', 'DISTRIBUTOR', 'KERTAK HANYAR 2,KERTAK HANYAR,BANJAR', '0811513626', 32.67, '-3.354803645478438', '114.62177753448488', '2016-08-16 00:00:00', '2022-07-10 03:02:28', 'AKTIF'),
(15, 'MIRZA DEWANTARA', 'DA0387', 'DISTRIBUTOR', 'PEMBATAAN,MURUNG PUDAK,TANJUNG', '081346483837', 199.08, '-2.1743007430296686', '115.40198922157289', '2016-08-18 19:55:10', '2022-07-11 10:45:30', 'AKTIF'),
(16, 'WAHYUDI', 'DA0388', 'DISTRIBUTOR', 'JALAN GUNTUNG MANGGIS KOMPLEK, JL. PESONA ROSELLA MODERN NO.A.7, GUNTUNGMANGGIS, KEC. LANDASAN ULIN,', '081256574333', 5.45, '-3.4614605180435922', '114.81522381305696', '2016-08-15 00:00:00', '2022-07-12 05:02:21', 'AKTIF'),
(17, 'KCG (WAHYUDI)', 'DA0388A', 'BUKAN SUB/DISTRIBUTOR', 'KOMP CITRA GRAHA, LIANG ANGGANG', '081256574333', 21.61, '-3.428149831785097', '114.69519495964052', '2016-08-15 00:00:00', '2022-07-11 02:22:28', 'AKTIF'),
(18, 'ABDUL HADI', 'DA0389', 'DISTRIBUTOR', 'JL GOLF SWARGA LOK KELURAHAN SAMSUDINNOOR,KECAMATAN LANDASAN ULIN', '081250042135', 10.35, '-3.42836224127945', '114.79645371437074', '2016-08-19 00:00:00', '2022-07-11 03:52:57', 'AKTIF'),
(19, 'M JAYADI NOOR', 'DA0390', 'DISTRIBUTOR', 'KOMPLEK ANTERO KELAPA GADING RAYA NO. A11 RT. 01 RW. 01 SUNGAI BESAR', '081349459395', 9.9, '-3.457798555629515', '114.84988331794739', '2016-08-20 19:59:57', '2022-07-11 10:14:05', 'AKTIF'),
(20, 'SYAHBIDIN', 'DA0392', 'DISTRIBUTOR', 'JL. CAHAYA AL MA\'SHUM- BAWANKEL. BUKAT KEC. BARABAI', '085251671049', 137.44, '-2.5937412803744446', '115.36918446421623', '2016-08-24 22:41:33', '2022-07-12 04:48:45', 'AKTIF'),
(21, 'SITI NOOR RAHMIDAWATI', 'DA0393', 'DISTRIBUTOR', 'BUKAT,BARABAI,BARABAI', '085332122196', 137.59, '-2.5925063220210114', '115.36958813667299', '2019-10-19 22:19:17', '2022-07-12 02:50:19', 'AKTIF'),
(22, 'HENDRA', 'DA0394', 'DISTRIBUTOR', 'JALAN SUNGAI MIAI DALAM, NO.72, RT.6, RW.1, KELURAHAN SUNGAI MIAI, KECAMATAN BANJARMASIN UTARA, KO', '082148026647', 39.54, '-3.30243917230249', '114.59216499649384', '2016-08-15 00:00:00', '2022-07-10 06:10:09', 'AKTIF'),
(23, 'FERRY IBNU', 'DA0395', 'DISTRIBUTOR', 'JL.A.YANI KM.25 RT.01 RW.07 NO.34 SEBERANG AIRNAV BANDARABELAKANG AMI ALI PARFUM LANDASAN ULIN TIM', '087816408496', 13.34, '-3.4426629353058362', '114.74569559097291', '1899-12-30 00:00:00', '2022-07-10 03:09:20', 'AKTIF'),
(24, 'NUR AMALIA', 'DA0396', 'DISTRIBUTOR', 'SEBERANG MASJID,BANJARMASIN TENGAH,BANJARMASIN', '082154924678', 38.57, '-3.317188541359131', '114.58932173643832', '2016-09-22 20:19:27', '2022-07-11 11:24:19', 'AKTIF'),
(25, 'AWAN SUBARKAH', 'DA0397', 'DISTRIBUTOR', 'JL. BENUA ANYAR GG RIJANI NO 74 RT 4.BANJARMASIN TIMUR', '082124551925', 40.06, '-3.3056329543693526', '114.60482597351076', '2016-08-18 00:00:00', '2022-07-09 16:08:10', 'AKTIF'),
(26, 'MUSHAFA ZAKIR', 'DA0398', 'DISTRIBUTOR', 'ALALAK SELATAN,BANJARMASIN UTARA,BANJARMASIN UTARA', '081349324850', 43.62, '-3.28522260112575', '114.57064316613913', '2016-08-20 20:07:39', '2022-07-11 11:03:17', 'AKTIF'),
(27, 'MURTDHA ZULFAN', 'DA0399', 'DISTRIBUTOR', 'KOMP. KAYU TANGI 2 JALUR 2 NO.11 RT. 15 BANJARMASINHTTPS://MAPS.APP.GOO.GL/EUYUFNBXALA1BDCB7', '085755569956', 41.76, '-3.2901352129669883', '114.58871021006415', '2016-08-20 20:06:11', '2022-07-11 11:02:19', 'AKTIF'),
(28, 'M ANSHARI (BUNGA)', 'DA0401', 'DISTRIBUTOR', 'GUDANG JL.DHARMA BAKTI VB RT.14 RW.002 NO.40B BANJARMASIN', '08125135970', 35.16, '-3.327679666508965', '114.61566209793092', '2016-09-07 00:00:00', '2022-07-11 08:49:16', 'AKTIF'),
(29, 'M ANSHARI', 'DA0402', 'DISTRIBUTOR', 'JL. PRAMUKA RT. 9 (RUMAH TAHFIZH ANNUR) PEMURUS LUAR, BANJARMASIN TIMUR', '085345183910', 33.96, '-3.335224038632713', '114.62814955213756', '2016-09-17 00:00:00', '2022-07-11 08:24:33', 'AKTIF'),
(30, 'HERIYADI', 'DA0403', 'DISTRIBUTOR', 'JL.H.SABERAN EFFENDI RT 06 NO 84 PALAMPITAN HILIR KEC.AMUNTAI TENGAH KAB.HULU SUNGAI UTARA', '085651238577', 164.07, '-2.4231245159055628', '115.24504698066409', '2016-08-15 00:00:00', '2022-07-10 06:15:03', 'AKTIF'),
(31, 'SUSI INDRIYANI', 'DA0404', 'DISTRIBUTOR', 'DISTRO LANDASAN ULIN TENGAH...JALAN PERAMUAN KOMPLEK PERTOKOAN CITRA BANGUN PERSADA BLOK R2 SAMPING PABRIK ROTI DEKAT DGN INDOMARET', '082154190958', 14.48, '-3.445832631203706', '114.7391925752163', '2016-09-09 22:39:02', '2022-07-12 04:45:54', 'AKTIF'),
(32, 'MELLIAWATI/ARDIK LAHDIMAWAN', 'DA0405', 'DISTRIBUTOR', 'KERTAK BARU ILIR,BANJARMASIN TENGAH,BANJARMASIN SELATAN', '082154036969', 38.18, '-3.326492509360164', '114.58649039268495', '2016-08-22 19:51:35', '2022-07-11 10:36:09', 'AKTIF'),
(33, 'NURKHALIS ANSHARI', 'DA0406', 'DISTRIBUTOR', 'JL.RO.ULIN GG. JUMPA SODARA RT.01 RW.04 KEL.LOKTABAT SELATAN, KOTA BANJARBARU.', '085222007844', 7.27, '-3.4481994058938312', '114.81741683303346', '2016-08-20 20:16:56', '2022-07-11 11:33:06', 'AKTIF'),
(34, 'ALPIANNOOR', 'DA0407', 'DISTRIBUTOR', 'JL. JERUK RT.25 RW.06 KEL. SUNGAI ULIN, KOTA BANJARBARU.', '087816000447', 7.61, '-3.4452408824286467', '114.81645226478578', '2016-09-21 00:00:00', '2022-07-09 15:51:08', 'AKTIF'),
(35, 'DANU ISMADI SADERI ', 'DA0408', 'DISTRIBUTOR', 'JL GARUDA NO. 69 KEL. KOMET BANJARBARU UTARA', '0811503756', 10.95, '-3.4413080134171152', '114.83870387077332', '2016-08-16 00:00:00', '2022-07-10 00:16:53', 'AKTIF'),
(36, 'LAILAN JAMILAH', 'DA0409', 'DISTRIBUTOR', 'DESA BENAWA TENGAH,BARABAI,BARABAI', '081346290600', 140.03, '-2.590318935833613', '115.38594961166383', '2016-10-08 00:00:00', '2022-07-11 02:24:37', 'AKTIF'),
(37, 'ZAZULI budi rahman', 'DA0410', 'DISTRIBUTOR', 'BARABAI BARAT,BARABAI,BARABAI', '08125178702', 138.29, '-2.591404345301966', '115.3748667240143', '2016-10-24 22:57:06', '2022-07-12 05:08:20', 'AKTIF'),
(38, 'ZAINAL MUTTAQIEN', 'DA0411', 'DISTRIBUTOR', 'LOKTABAT UTARA,BANJARBARU UTARA', '081261011162', 10.42, '-3.423436494817201', '114.81361985206605', '2016-08-23 00:00:00', '2022-07-12 05:07:17', 'AKTIF'),
(39, 'SYAHRANI', 'DA0412', 'DISTRIBUTOR', 'JLN RAYA TRANS KALIMANTAN KM. 6 NO. 58 RT. 9  RW. O2 KEL. HANDIL BAKTI KEC. ALALAK', '085249301040', 44.29, '-3.2752857349897577', '114.59907531738283', '2016-08-27 00:00:00', '2022-07-12 04:49:43', 'AKTIF'),
(40, 'AGUS SYAMSUDIN MAJID', 'DA0413', 'DISTRIBUTOR', 'KELURAHAN MENTENG KECAMATAN JEKAN RAYA PALANGKARAYA', '081349285606', 232.31, '-2.2250673045438987', '113.89393329620363', '2016-10-21 00:00:00', '2022-07-11 03:54:29', 'AKTIF'),
(41, 'PRAMESTI PODO', 'DA0414', 'DISTRIBUTOR', 'KOMPLEK KIJANG MAS PERMAI RT 11, KELURAHAN SARANG HALANG, KECAMATAN PELAIHARI', '085821618775', 47.98, '-3.8122675180693557', '114.78062868118288', '2016-10-18 22:34:37', '2022-07-12 02:25:05', 'AKTIF'),
(42, 'HILMI HASAN', 'DA0415', 'DISTRIBUTOR', 'JL. SULTAN ADAM TEMBUS SUNGAI MIAI.KOMPLEKS BULAKINDO BLOK E RT 22. NO. 76 BANJARMASIN UTARA', '0811503649', 39.79, '-3.2933338406342254', '114.60023291827348', '2016-09-20 00:00:00', '2022-07-10 06:21:52', 'AKTIF'),
(43, 'TOTOK DEWANTO', 'DA0416', 'DISTRIBUTOR', 'SUNGAI JINGAH,BANJARMASIN UTARA,BANJARBARU', '08125101729', 7.37, '-3.4576343732348445', '114.82845783233644', '2016-08-15 22:49:17', '2022-07-12 04:58:51', 'AKTIF'),
(44, 'JUNIANSYAH', 'DA0417', 'DISTRIBUTOR', 'JLN KKPA 1 RT 17 DESA PURWODADI KEC ANGSANA KAB TANAH BUMBU', '081351903397', 173.69, '-3.7079195068606885', '115.5815362930298', '2016-08-19 00:00:00', '2022-07-10 09:16:27', 'AKTIF'),
(45, 'TJINDAR BUMI ', 'DA0418', 'DISTRIBUTOR', 'KOMP. GRIYA KEMUNING INDAH NO 3/4,BANJARBARU SELATAN,BANJARBARU', '08115015120', 7.38, '-3.4576450897249256', '114.82856512069704', '2016-08-16 22:47:42', '2022-07-12 04:56:39', 'AKTIF'),
(46, 'HERI SUMANTO', 'DA0419', 'DISTRIBUTOR', 'GUNTUNG PAYUNG,LANDASAN ULIN,CEMPAKA', '081262116112', 9.51, '-3.440208188959805', '114.79323421183605', '2016-08-26 00:00:00', '2022-07-10 06:12:18', 'AKTIF'),
(47, 'M JAZULI', 'DA0420', 'DISTRIBUTOR', 'PASAR LAMA,BANJARMASIN TENGAH,BANJARMASIN', '081349641380', 38.73, '-3.309599800510464', '114.59335684776308', '2016-08-16 00:00:00', '2022-07-11 10:14:42', 'AKTIF'),
(48, 'ABI MA\'RUF BASIRIH', 'DA0421', 'DISTRIBUTOR', 'BASIRIH', '085251965000', 41.02, '-3.3326356150748833', '114.56568717956544', '2016-08-15 00:00:00', '2022-07-11 03:53:29', 'AKTIF'),
(49, 'NURUL FIKRI BJB (ABI MA\'RUF)', 'DA0421A', 'BUKAN SUB/DISTRIBUTOR', 'BASIRIH', '085251965000', 39.7, '-3.334560154732025', '114.56462422985982', '2016-08-15 00:00:00', '2022-07-11 11:34:25', 'AKTIF'),
(50, 'SUCIPTO BAITON', 'DA0422', 'DISTRIBUTOR', 'BASIRIH SELATAN,BANJARMASIN BARAT,BANAJRMASIN', '081251111682', 38.72, '-3.347288440077865', '114.57001090049744', '2016-08-15 22:24:58', '2022-07-12 02:52:29', 'AKTIF'),
(51, 'NINING TRI', 'DA0423', 'DISTRIBUTOR', 'JL. CEMPAKA RAYA 2 GANG 3 NO AE5 BASIRIH BANJARMASIN BARAT', '081320556464', 39.71, '-3.334678918045069', '114.56461350349252', '2016-08-20 20:10:08', '2022-07-11 11:05:57', 'AKTIF'),
(52, 'RISWANDI', 'DA0424', 'DISTRIBUTOR', 'GUDANG DISTRP KERTAK HANYAR 1 & PEMURUS DALAM : BANJAR INDAH UJUNG, JLN PINANG 2 NO 3 BJM', '08115121969', 34.15, '-3.353367811556847', '114.61273849010468', '2016-08-15 20:28:52', '2022-07-12 02:39:37', 'AKTIF'),
(53, 'RIA YULIANI', 'DA0425', 'DISTRIBUTOR', 'GUDANG DISTRP KERTAK HANYAR 1 & PEMURUS DALAM : BANJAR INDAH UJUNG, JLN PINANG 2 NO 3 BJM', '081258076337', 34.17, '-3.3533194930072745', '114.61251854896547', '2016-08-15 20:25:48', '2022-07-12 02:36:37', 'AKTIF'),
(54, 'SYAHRUDIN', 'DA0426', 'DISTRIBUTOR', 'MANTUIL,BANJARMASIN SELATAN,BANJARMASIN', '08115121969', 41.69, '-3.349580900850411', '114.54590320587158', '2016-08-15 20:32:12', '2022-07-12 04:50:47', 'AKTIF'),
(55, 'DIAN AGUSTINA/RISWANDI', 'DA0428', 'DISTRIBUTOR', 'SUNGAI LULUT,BANJARMASIN TIMUR', '081805825676', 39.11, '-3.3149786429538484', '114.64237689971925', '2016-10-05 00:00:00', '2022-07-10 02:50:10', 'AKTIF'),
(56, 'NURHAMIM', 'DA0429', 'DISTRIBUTOR', 'PENGAMBANGAN,BANJARMASIN TIMUR,BANJARMASIN TIMUR', '081255579333', 37.46, '-3.313525250426219', '114.613590721573', '2016-08-16 20:18:09', '2022-07-11 11:31:19', 'AKTIF'),
(57, 'BEJO RIYANTO UKHUWAH', 'DA0430', 'DISTRIBUTOR', 'KOMP. BUMI HANDAYANI 12A KM. 4.5, JL. BUMI MAS RAYA, PEMURUS BARU, KEC. BANJARMASIN SEL., KOTA BANJARMASIN, KALIMANTAN SELATAN 70249', '08115043909', 35.36, '-3.3457435000115354', '114.60678935050966', '2016-08-24 00:00:00', '2022-07-10 00:08:49', 'AKTIF'),
(58, 'KHAIRUDIN AL ASYIRI', 'DA0431', 'DISTRIBUTOR', 'PEMURUS BARU,BANJARMASIN SELATAN,BANJARMASIN SELATAN', '081351471000', 34.7, '-3.3407332993598176', '114.60971832275392', '2016-08-18 00:00:00', '2022-07-11 02:22:55', 'AKTIF'),
(59, 'BEJO RIYANTO', 'DA0432', 'DISTRIBUTOR', 'PEKAPURAN RAYA,BANJARMASIN TIMUR,BANJARMASIN', '08115043909', 35.52, '-3.3308877644640065', '114.60596323013306', '2016-08-15 00:00:00', '2022-07-10 00:05:52', 'AKTIF'),
(60, 'HQBS (BEJO RYANTO)', 'DA0432A', 'BUKAN SUB/DISTRIBUTOR', 'PEKAPURAN RAYA,BANJARMASIN TIMUR,BANJARMASIN', '08115043909', 35.86, '-3.335082004582329', '114.6035590524828', '2016-08-15 00:00:00', '2022-07-10 06:23:09', 'AKTIF'),
(61, 'UMMI JIHAN BAHESTI', 'DA0433', 'DISTRIBUTOR', 'SEI LULUT,SEI TABUK,BANJAR', '085248919697', 39.6, '-3.3169244452903617', '114.64689373970033', '2016-09-15 22:50:48', '2022-07-12 04:59:56', 'AKTIF'),
(62, 'NETTY KARTIKA SARI', 'DA0434', 'DISTRIBUTOR', 'PALAM,CEMPAKA', '081251381002', 2.08, '-3.49880199812423', '114.79710757099676', '2016-10-03 20:08:38', '2022-07-11 11:04:22', 'AKTIF'),
(63, 'BANK KALSEL (NETTY KARTIKA SARI)', 'DA0434A', 'BUKAN SUB/DISTRIBUTOR', 'MATARAMAN', '081251381002', 38.02, '-3.3223904170124676', '114.99803781509401', '2016-10-03 20:08:38', '2022-07-10 00:04:58', 'AKTIF'),
(64, 'GUNUNG LIMO (NETTY KARTIKA SARI)', 'DA0434B', 'BUKAN SUB/DISTRIBUTOR', 'SUNGKAI', '081251381002', 43.01, '-3.245008840719258', '114.9651861190796', '2016-10-03 20:08:38', '2022-07-10 03:13:52', 'AKTIF'),
(65, 'AHBIDIN SUYIT', 'DA0435', 'DISTRIBUTOR', 'KOMPLEK BUKIT PERMTA INDAH JLN PERMATA KECUBUNG RMH NO 18 SEI ULIN', '081351593333', 9.38, '-3.4613827680864704', '114.84912425279619', '2016-09-15 22:39:50', '2022-07-09 15:29:53', 'AKTIF'),
(66, 'M ISMAIL', 'DA0436', 'DISTRIBUTOR', 'JL MERANTI GG ISTIQAMAH NO 22PALANGKA RAYA', '08125156305', 231.04, '-2.2410813476056837', '113.94494891166688', '2016-08-16 19:57:28', '2022-07-11 10:12:48', 'AKTIF'),
(67, 'DEDY ROCHANSYAH', 'DA0437', 'DISTRIBUTOR', 'JL.  MAHAKAM NO. 2 RT.  021. RW. 003 KEL.  SELAT TENGAH KEC. SELAT. KABUPATEN KAPUAS.  KALIMANTAN TENGAH', '08125171006', 95.62, '-3.0095478905952904', '114.39813494682313', '2016-08-16 00:00:00', '2022-07-10 00:18:09', 'AKTIF'),
(68, 'YATINEM (TK PUTRI)', 'DA0438', 'DISTRIBUTOR', 'SEI CUKA,KINTAP,TANAH LAUT', '082154607970', 142.96, '-3.798887502031556', '115.36458849906921', '2016-09-01 22:52:02', '2022-07-12 05:04:04', 'AKTIF'),
(69, 'A3M (TK PUTRI)', 'DA0438A', 'DISTRIBUTOR', 'SEI CUKA,KINTAP,TANAH LAUT', '082154607970', 149.5, '-3.8178924829174865', '115.41481250104712', '2016-09-01 22:52:02', '2022-07-11 03:52:46', 'AKTIF'),
(70, 'MCB (TK PUTRI)', 'DA0438B', 'DISTRIBUTOR', 'SEI CUKA,KINTAP,TANAH LAUT', '082154607970', 144.01, '-3.798012486582954', '115.35683155059816', '2016-09-01 22:52:02', '2022-07-11 10:34:03', 'AKTIF'),
(71, 'RINA ARIYANI', 'DA0439', 'DISTRIBUTOR', 'JL. DAHLIA KEBUN SAYUR. NO 25. RT 013, RW 002. KELURAHAN MAWAR, KECAMATAN BANJARMASIN TENGAH, KOTA BANJARMASIN, KALIMANTAN SELATA', '085336221199', 39.11, '-3.3267252880829115', '114.57980096340181', '2016-08-15 20:27:55', '2022-07-12 02:38:18', 'AKTIF'),
(72, 'MARUTO', 'DA0440', 'DISTRIBUTOR', 'SUNGAI BILU,BANAJRMASIN,BANJARMASIN', '0811510236', 36.7, '-3.317393765268167', '114.6051049232483', '2016-08-31 19:48:47', '2022-07-11 10:25:37', 'AKTIF'),
(73, 'ASPUL ANWAR', 'DA0442', 'DISTRIBUTOR', 'JL.LAMBUNG MANGKURAT.NO.7KELURAHAN KERTAK BARU ILIRKEC.BANJAR TENGAHKODYA.BANJARMASIN.70111', '081348276563', 38.03, '-3.321217763380056', '114.59140419960023', '2016-08-29 00:00:00', '2022-07-09 16:04:22', 'AKTIF'),
(74, 'SYAMSUL BAHRIE', 'DA0443', 'DISTRIBUTOR', 'SUNGAI BARU,BANJARMASIN TENGAH,BANJARMASIN', '081251121261', 37.27, '-3.3201902111957238', '114.59647893905641', '2016-09-01 22:44:24', '2022-07-12 04:51:32', 'AKTIF'),
(75, 'LATIFAH ELZA AISHA', 'DA0444', 'DISTRIBUTOR', 'RANGDA NO. 31 KELAS. RANGDA MALINGKUNG KEC. TAPIN UTARA KAB. TAPIN', '0811517342', 87.38, '-2.9390838722117243', '115.14838099479677', '2016-08-20 00:00:00', '2022-07-11 02:25:02', 'AKTIF'),
(76, 'TCT (LATIFAH ELZA AISHA)', 'DA0444A', 'DISTRIBUTOR', 'TAPIN UTARA,RANTAU', '0811517342', 110.66, '-2.8689031746277065', '114.9226999282837', '2016-08-20 00:00:00', '2022-07-12 04:55:59', 'AKTIF'),
(77, 'ACHMAD SUHANTO ', 'DA0445', 'DISTRIBUTOR', 'JLN RAYA ARJUNA NO. 5 RT 22 BUMI PEMURUS PERMAI BANJARMASIN', '0811512405', 36.28, '-3.3273016759278535', '114.60201501846315', '2016-08-15 00:00:00', '2022-07-11 03:53:57', 'AKTIF'),
(78, 'AHYADI USMAN ', 'DA0447', 'DISTRIBUTOR', 'KELAYAN TIMUR,BANJARMASIN SELATAN,BANJARMASIN', '0811501269', 38.32, '-3.341889181374995', '114.59689736366273', '2016-08-16 00:00:00', '2022-07-09 15:41:32', 'AKTIF'),
(79, 'YAPET ARIE MASKA FASENGA', 'DA0448', 'DISTRIBUTOR', 'TANJUNG,KELURAHAN BELIMBING,KECAMATAN TABALONG', '085743114369', 202.76, '-2.1462900224842243', '115.39703249931337', '2016-08-16 00:00:00', '2022-07-12 05:03:21', 'AKTIF'),
(80, 'YUSTIN TANIA ', 'DA0449', 'DISTRIBUTOR', 'TANJUNG,KELURAHAN MABUUN,KECAMATAN TABALONG', '085390992300', 198.89, '-2.1700585340183167', '115.41833996772766', '2016-08-16 00:00:00', '2022-07-12 05:06:40', 'AKTIF'),
(81, 'AGUS SAPUTRA', 'DA0452', 'DISTRIBUTOR', 'JALAN GATOT SUBROTO RT 34 KELURAHAN KURIPAN KEC BANJARMASIN TIMUR', '085348629888', 35.42, '-3.325253031166349', '114.6172070503235', '2016-10-11 00:00:00', '2022-07-09 15:29:23', 'AKTIF'),
(82, 'NOORPIDAH', 'DA0454', 'DISTRIBUTOR', 'JL.ANANG MANGSUR PERUMAHAN BATU PIRING BLOK B RT5 NO 54 DEPAN GG AMANAH KEL.BATUPIRING.KEC.PARSEL KAB.BALANGAN 71618', '085248844820', 171.56, '-2.3456255314170096', '115.46606081586668', '2016-08-15 00:00:00', '2022-07-11 11:19:13', 'AKTIF'),
(83, 'SYAHRIDA ', 'DA0455', 'DISTRIBUTOR', 'PARINGIN KOTA,BALANGAN,PARINGIN', '082254221205', 174.35, '-2.338567449047391', '115.45213043689729', '2016-08-20 22:42:39', '2022-07-12 04:50:03', 'AKTIF'),
(84, 'M BASUNI', 'DA0463', 'DISTRIBUTOR', 'KOMPLEK BALITTRA JAYA PERMAIJL. AMSTERDAM BLOK S NO. 06RT. 001 RW. 008 LOKTABAT UTARA', '085350524300', 9.13, '-3.4318595050985836', '114.81003642082216', '2016-10-25 00:00:00', '2022-07-11 09:05:18', 'AKTIF'),
(85, 'NORMAWATI', 'DA0466', 'DISTRIBUTOR', 'KAYU BAWANG,GAMBUT', '082158380727', 26.5, '-3.4164175662759257', '114.6519566813541', '2016-10-25 20:14:54', '2022-07-11 11:22:25', 'AKTIF'),
(86, 'SIRAJUDDIN HABIBI', 'DA0517', 'DISTRIBUTOR', 'TELAWANG ,BANJARMASIN BARAT,BANJARMASIN', '081932993000', 39.74, '-3.330024627339872', '114.57655549049379', '2016-11-03 20:36:39', '2022-07-12 02:49:42', 'AKTIF'),
(87, 'ISROK ANTARIKSO', 'DA0518', 'DISTRIBUTOR', 'JALAN PELDA BUNAWAR NO. 74 RT.04 RW.01 KEC. BINUANG KAB. TAPIN KAL. SEL 71183', '08115113880', 60.95, '-3.1558576820034387', '115.09750485420228', '2016-11-20 00:00:00', '2022-07-10 09:11:59', 'AKTIF'),
(88, 'SAKDUDIN', 'DA0519', 'DISTRIBUTOR', 'ALALAK UTARA,BANJARMASIN UTARA,BANJARMASIN UTARA', '081283302183', 45.2, '-3.275524969349887', '114.57418441772461', '2016-11-30 20:31:03', '2022-07-12 02:46:42', 'AKTIF'),
(89, 'MUHAMMAD ADNAN', 'DA0521', 'DISTRIBUTOR', 'JL.AHMAD YANI KM 292 DESA TEGALREJO RT.12 RW 3 KEC.KELUMPANG HILIR ( SERONGGA )KAB KOTABARU', '081349713382', 287.35, '-3.1881715454812083', '115.97793398420538', '2017-03-01 00:00:00', '2022-07-11 10:54:08', 'AKTIF'),
(90, 'REVINA REZKI', 'DA0522', 'DISTRIBUTOR', 'KOMPLEK ANTALUDIN NO 2 RT. 22..KELURAHAN KUIN SELATAN, KECAMATAN BANJARMASIN BARAT', '082147012345', 41.98, '-3.2977308171454927', '114.57198500633241', '2016-12-09 20:24:43', '2022-07-12 02:28:47', 'AKTIF'),
(91, 'ANDI SULAIMAN', 'DA0523', 'DISTRIBUTOR', 'TOKO.AL FURQAN MART.JL. BUMI MAS RAYA A.YANI KM 4,5 . RT 06 RW 01 NO 15. KELURAHAN PEMURUS BARU. BANJARMASIN', '081351818656', 34.35, '-3.339610402518984', '114.61422443389894', '2016-12-02 00:00:00', '2022-07-11 03:55:40', 'AKTIF'),
(92, 'SUGENG ', 'DA0524', 'DISTRIBUTOR', 'GUNTUNG PAIKAT,BANJARBARU SELATAN,BANJARBARU', '081251282070', 9.51, '-3.448047786137499', '114.83583927154542', '2016-12-10 22:26:07', '2022-07-12 02:52:44', 'AKTIF'),
(93, 'SURAJI', 'DA0525', 'DISTRIBUTOR', 'JL. SUKAMARA KOMPLEK ASMI 2 BLOK L NO 9 KEL. LANDASAN ULIN UTARA KEC. LIANG ANGGANG', '087814235064', 16.74, '-3.429593232058813', '114.72786426544191', '2016-11-11 22:37:28', '2022-07-12 03:14:16', 'AKTIF'),
(94, 'ACHMADI', 'DA0526', 'DISTRIBUTOR', 'TANJUNG KELURAHAN MABUUN,KECAMATAN TABALONG', '085391700055', 197.73, '-2.170637076741433', '115.41977763175966', '2017-02-09 00:00:00', '2022-07-11 03:54:05', 'AKTIF'),
(95, 'ABDUL RAHMAN', 'DA0527', 'DISTRIBUTOR', 'KELURAHAN PADINGIN TANJUNG,KECAMATAN TABALONG', '082153600484', 195.36, '-2.23690296142297', '115.34520149230958', '2017-01-24 00:00:00', '2022-07-11 03:53:20', 'AKTIF'),
(96, 'PARJI', 'DA0528', 'DISTRIBUTOR', 'GUNTUNG PAIKAT,BANJARBARU SELATAN,BANJARBARU', '081348073979', 9.73, '-3.450794070204242', '114.83796240596286', '2016-11-03 20:20:27', '2022-07-11 11:36:28', 'AKTIF'),
(97, 'TAFSIR', 'DA0529', 'DISTRIBUTOR', 'MENTAOS,BANJARBARU UTARA,GUNTUNG PAIKAT,', '085246355388', 11.39, '-3.4325948239414354', '114.83280301094057', '2016-11-15 22:46:15', '2022-07-12 04:52:16', 'AKTIF'),
(98, 'IMRAN HADIMI', 'DA0530', 'SUB DISTRIBUTOR', 'SUNGAI PARING MARTAPURA', '082236572891', 12.37, '-3.434370030518992', '114.84170794487001', '2016-08-20 00:00:00', '2022-07-10 08:39:19', 'NON AKTIF'),
(99, 'SRIARIYANI', 'DA0541', 'DISTRIBUTOR', 'MARABAHAN KOTA,BAKUMPAI,MARABAHAN', '082158032328', 88.23, '-2.9749342844226154', '114.77175593376161', '2016-04-06 22:21:23', '2022-07-12 02:51:03', 'AKTIF'),
(100, 'AMIN HIDAYAT', 'DA0562', 'DISTRIBUTOR', 'KOMPLEK CITRA PERMATA B/42RT 43DESA SEMANGAT DALAMKEC ALALAK BATOLA', '081275364545', 47.55, '-3.251125354696422', '114.60272312164308', '2017-06-08 00:00:00', '2022-07-09 15:55:44', 'AKTIF'),
(101, 'HELMI', 'DA0563', 'DISTRIBUTOR', 'KEBUN SARI,AMUNTAI,AMUNTAI', '081289703264', 163.54, '-2.426218549080104', '115.24835169916994', '2017-06-14 00:00:00', '2022-07-10 06:09:18', 'AKTIF'),
(102, 'YUSTINA', 'DA0566', 'DISTRIBUTOR', 'KEBUN BUNGA,BANJARMASIN TIMUR,BANJARMASIN', '082154938977', 35.77, '-3.3249787441579524', '114.61477160453798', '2017-06-14 22:54:39', '2022-07-12 05:06:56', 'AKTIF'),
(103, 'INDRIATI', 'DA0567', 'DISTRIBUTOR', 'BANGKAL,CEMPAKA,BANJARBARU', '082354187241', 5.48, '-3.4581592452026864', '114.81161892414094', '2017-06-20 00:00:00', '2022-07-10 08:40:20', 'AKTIF'),
(104, 'PPA (INDRIATI)', 'DA0567A', 'DISTRIBUTOR', 'BANGKAL,CEMPAKA,BANJARBARU', '082354187241', 177.34, '-3.7183581426110783', '115.61169505119324', '2017-06-20 00:00:00', '2022-07-12 02:24:15', 'AKTIF'),
(105, 'MASITAH', 'DA0570', 'DISTRIBUTOR', 'JL. DANAU MARE 3, KOMPLEK INTAN KURUNG NO. 42 KEL. BUKIT TUNGGAL, KEC JEKAN RAYA, KOTA PALANGKARAYA', '081352806567', 237.73, '-2.1872581538429476', '113.87965321540834', '2017-07-24 19:50:26', '2022-07-11 10:28:55', 'AKTIF'),
(106, 'RADEN MUHAMMAD ZEIN CAESARICHO', 'DA0571', 'DISTRIBUTOR', 'LANDASAN ULIN BARAT,LIANG ANGGANG,BANJARBARU', '081351401616', 22.06, '-3.4242336073558577', '114.69183683395387', '2017-07-28 20:22:33', '2022-07-12 02:26:19', 'AKTIF'),
(107, 'MIFTAHUL JANNAH', 'DA0572', 'DISTRIBUTOR', 'JL PULAU LAUT NO 74 KELURAHAN ANTASAN BESAR KECAMATAN BANJARMASIN TENGAH KOTA BANJARMASIN', '087816620303', 38.98, '-3.3145386225636715', '114.58844304084779', '2017-07-31 19:52:29', '2022-07-11 10:44:49', 'AKTIF'),
(108, 'KHAIRUNNISA', 'DA0575', 'DISTRIBUTOR', 'KOMPLEK SIT QURRATA A\'YUN, JL. A.YANI DESA PARINCAHAN KEL. KANDANGAN BARAT KEC. KANDANGAN KAB. HSS', '085248193617', 110.47, '-2.7800131807114514', '115.25782585144043', '2017-08-24 00:00:00', '2022-07-11 02:23:41', 'AKTIF'),
(109, 'MARTUNI', 'DA0576', 'DISTRIBUTOR', 'SURGI MUFTI,BANJARMASIN UTARA,BANJARMASIN BARAT', '085952473436', 39.3, '-3.30873683037601', '114.59765911102296', '2017-08-24 19:47:35', '2022-07-11 10:25:04', 'AKTIF'),
(110, 'MIZAN ARWANI', 'DA0577', 'DISTRIBUTOR', 'LOKTABAT SELATAN,BANJARBARU SELATAN,BANJARBARU', '08116053609', 10.75, '-3.4431436303879734', '114.83226656913759', '2017-08-26 19:56:22', '2022-07-11 10:46:39', 'AKTIF'),
(111, 'GUNAWAN WIBISONO', 'DA0592', 'DISTRIBUTOR', 'KURIPAN,BANJARMASIN TIMUR,BANJARMASIN', '08116135385', 37.39, '-3.3210581534349015', '114.59538459777833', '2017-08-31 00:00:00', '2022-07-10 03:11:15', 'AKTIF'),
(112, 'ARYA', 'DA0593', 'DISTRIBUTOR', 'RANTAU KIWA,TAPIN UTARA,BANJARMASIN BARAT', '08116135384', 88.77, '-2.929244347395827', '115.15449643135072', '2017-09-07 00:00:00', '2022-07-09 16:03:33', 'AKTIF'),
(113, 'HAIRULLAH', 'DA0594', 'DISTRIBUTOR', 'PEKAPURAN LAUT,BANJARMASIN TENGAH,BANJARMASIN', '087816463837', 36.65, '-3.3258330511647007', '114.60014820098878', '2017-09-19 00:00:00', '2022-07-10 03:21:37', 'AKTIF'),
(114, 'SOFYAN', 'DA0595', 'DISTRIBUTOR', 'TELUK TIRAM,BANJARMASIN BARAT,BANJARMASIN', '081286219785', 40.92, '-3.3382285596223737', '114.57625508308412', '2017-09-19 22:20:25', '2022-07-12 02:50:39', 'AKTIF'),
(115, 'SALASIAH', 'DA0596', 'DISTRIBUTOR', 'BANYU IRANG', '085248408280', 7.68, '-3.5409839463156656', '114.79602456092836', '2017-10-02 20:32:57', '2022-07-12 02:47:18', 'AKTIF'),
(116, 'MAHDIAH', 'DA0618', 'DISTRIBUTOR', 'KAMPUNG MELAYU,BANJARMASIN TENGAH,BANJARMASIN', '085249168047', 38.02, '-3.3167224416059717', '114.59772348403932', '2017-10-27 19:46:16', '2022-07-11 10:22:19', 'AKTIF'),
(117, 'HARTINI', 'DA0619', 'DISTRIBUTOR', 'JL MARTAPURA LAMA KM 7,2 KOMPLEK GRAHA SEJAHTERA BLOK GRAHA 1 NO B10', '085248003518', 39.29, '-3.3139741695896046', '114.59055622408367', '2017-10-25 00:00:00', '2022-07-10 06:05:32', 'AKTIF'),
(118, 'M ROSDIYANTO', 'DA0620', 'DISTRIBUTOR', 'SEI ANDAI', '081288193177', 40.33, '-3.295404723150345', '114.61375236511232', '2017-10-27 00:00:00', '2022-07-11 10:18:12', 'AKTIF'),
(119, 'RIFAATUL MAHMUDAH', 'DA0623', 'DISTRIBUTOR', 'TELUK DALAM,BANJARMASIN TENGAH,BANJARMASIN', '081346222191', 38.53, '-3.319216502602244', '114.58441972732545', '2017-10-31 20:26:49', '2022-07-12 02:37:40', 'AKTIF'),
(120, 'EDI PURWANTO', 'DA0625', 'DISTRIBUTOR', 'PALANGKA', '081349265310', 228.12, '-2.243783954527484', '113.91409277915956', '2017-11-17 00:00:00', '2022-07-10 02:57:39', 'AKTIF'),
(121, 'ARIAN LUTHFI', 'DA0626', 'DISTRIBUTOR', 'SUNGAI ANDAI,BANJARMASIN UTARA', '08115729199', 40.55, '-3.291184206254708', '114.60502982139589', '2017-11-20 00:00:00', '2022-07-09 16:01:04', 'AKTIF'),
(122, 'AGUSTINA', 'DA0627', 'DISTRIBUTOR', 'JLN GERILYA KOMPLK GRAHA MAHATAMA BLOK TAMAN MAHATAMA RT 25 NO 92', '081296070555', 35.78, '-3.3626355309506604', '114.59795951843263', '2017-11-20 00:00:00', '2022-07-09 15:39:49', 'AKTIF'),
(123, 'SARINAH', 'DA0649', 'DISTRIBUTOR', 'JL. AHMAD YANI NO.68, TAMIANG LAYANG, DUSUN TIM., KABUPATEN BARITO TIMUR, KALIMANTAN TENGAH 73671', '081348030431', 211.79, '-2.1142644615358357', '115.16402363777162', '2017-12-15 20:33:34', '2022-07-12 02:48:55', 'AKTIF'),
(124, 'IDA DRIASTUTI', 'DA0650', 'DISTRIBUTOR', 'SIMPANG 4 SEI BARU', '085101547046', 111.42, '-3.8697006407232855', '115.10485308731164', '2017-12-19 00:00:00', '2022-07-10 06:27:09', 'AKTIF'),
(125, 'ZAINUL ALFATIK', 'DA0654', 'DISTRIBUTOR', 'KOMPLEK PURNA SAKTI NO. 09 RT 030 RW 002 KEL. BASIRIH KEC BANJARMASIN BARAT 70245', '	085283687272', 40.88, '-3.332368526384595', '114.55958247184755', '2017-12-21 22:55:54', '2022-07-12 05:07:52', 'AKTIF'),
(126, 'MUJAYANAH', 'DA0656', 'DISTRIBUTOR', 'MENTAOS BANJARBARU', '082154239672', 11.6, '-3.4348474876102357', '114.83786636734341', '2018-01-10 20:03:18', '2022-07-11 11:00:09', 'AKTIF'),
(127, 'ABDUL HAMID', 'DA0661', 'DISTRIBUTOR', 'KOMPLEK PERUMAHAN FADILLAH 1 JALAN TEMBIKAR KANAN DESA SIMPANG EMPAT KECAMATAN KERTAK HANYAR', '081350548118', 37.72, '-3.3322607407777762', '114.59415078163148', '2018-01-08 00:00:00', '2022-07-11 03:53:08', 'AKTIF'),
(128, 'SUHANDOYO', 'DA0663', 'DISTRIBUTOR', 'KOMP PERMATA JINGGA JALAN BIDURI NO 2 TR 7A RW. 002 KEL.  KARANG TARUNA KEC.  PELAIHARI KAB TANAH LAUT', '081251711911', 47.75, '-3.809419555695583', '114.75860238075258', '2018-01-11 22:26:41', '2022-07-12 02:53:15', 'AKTIF'),
(129, 'GUSTI ROSYADI ELMI', 'DA0671', 'DISTRIBUTOR', 'JALAN PENAS TANI 4.RT 1 RW 1DESA ALUAN BESAR KECAMATAN BATU BENAWA KABUPATEN HULU SUNGAI TENGAH', '081329361839', 143.2, '-2.596360750144177', '115.4121494293213', '2018-01-25 00:00:00', '2022-07-10 03:19:55', 'AKTIF'),
(130, 'DARSANI', 'DA0675', 'DISTRIBUTOR', 'JL. MAJAKELING GG. SYARIF HUSIN NO.23 RT. 16 RW. 5 KEL. PELAIHARI KEC. PELAIHARI KAB. TANAH LAUT', '085751111282', 47.07, '-3.8000858668269206', '114.76344108581544', '2018-01-31 00:00:00', '2022-07-10 00:17:36', 'AKTIF'),
(131, 'ALYA', 'DA0676', 'DISTRIBUTOR', 'PALAM', '082153239970', 5.44, '-3.4576259345349643', '114.8115760087967', '2018-01-31 00:00:00', '2022-07-09 15:55:06', 'AKTIF'),
(132, 'SUPIAN', 'DA0686', 'DISTRIBUTOR', 'PALAM', '085332620412', 1.26, '-3.4933337894359715', '114.80132460594179', '2018-02-23 22:27:04', '2022-07-12 05:09:10', 'AKTIF'),
(133, 'ALVARO', 'DA0687', 'DISTRIBUTOR', 'GUNTUNG PAYUNG', '081351844656', 9.94, '-3.4436137561160645', '114.78635787963867', '2018-02-14 00:00:00', '2022-07-09 15:52:13', 'AKTIF'),
(134, 'ISNANIAH', 'DA0688', 'DISTRIBUTOR', 'JL. KOPI SELATAN GG. SALAK NO. 60 KETAPANG, SAMPIT', '081352744745', 456.28, '-2.560500408425445', '112.95740246772766', '2018-02-27 00:00:00', '2022-07-10 09:11:03', 'AKTIF'),
(135, 'ACHMAD SAJARWAN', 'DA0689', 'DISTRIBUTOR', 'JL.  MAHAKAM NO. 2 RT.  021. RW. 003 KEL.  SELAT TENGAH KEC. SELAT. KABUPATEN KAPUAS.  KALIMANTAN TENGAH', '081349617896', 95.52, '-3.0095391042661013', '114.39895033836366', '2018-02-27 00:00:00', '2022-07-11 03:53:50', 'AKTIF'),
(136, 'AZIZ', 'DA0695', 'DISTRIBUTOR', 'SEI TABUK', '082152912639', 40.1, '-3.295093735167986', '114.66944575309753', '2018-03-19 00:00:00', '2022-07-09 16:10:51', 'AKTIF'),
(137, 'FAHRURAZI', 'DA0707', 'DISTRIBUTOR', 'SEI MIAI,BANJARMASIN', '082110009191', 40.93, '-3.2991218758985474', '114.5910930633545', '2018-04-16 00:00:00', '2022-07-10 03:05:03', 'AKTIF'),
(138, 'BUDI HANDOKO', 'DA0708', 'DISTRIBUTOR', 'TOKO AMANAH JL. H. IMBRAN KETAPANG, SAMPIT (PABRIK)', '081349127654', 454.04, '-2.5435163225075366', '112.95080423355104', '2018-04-16 00:00:00', '2022-07-10 00:12:49', 'AKTIF'),
(139, 'MARZUKI', 'DA0712', 'DISTRIBUTOR', 'JL. INTAN EX THR RT 41 KEL.TELAGA BIRU. KEC BANJAR BARAT BJM KOTA', '081348406718', 40.4, '-3.3310159801833694', '114.56170678138734', '2018-04-23 23:00:11', '2022-07-11 10:27:46', 'AKTIF'),
(140, 'M HASBI RIDHANI', 'DA0713', 'DISTRIBUTOR', 'BENUA BINJAI,BARABAI', '08125128744', 140.16, '-2.575329865306282', '115.3761649131775', '2018-04-23 00:00:00', '2022-07-11 10:12:24', 'AKTIF'),
(141, 'NOORMALA', 'DA0714', 'DISTRIBUTOR', 'GUDANG HIRANG,BANJARMASIN', '	085332195822', 37.46, '-3.3206860964005385', '114.6666015746691', '2018-04-25 20:12:57', '2022-07-11 11:10:48', 'AKTIF'),
(142, 'M FAUZAN', 'DA0715', 'DISTRIBUTOR', 'JL. ADHYAKSA 3 RT 27 NO. 74 BUNDARAN KAYUTANGI BANJARMASIN 70123', '081349690721', 42.41, '-3.289054798150845', '114.5917582511902', '2018-04-25 00:00:00', '2022-07-11 09:36:58', 'AKTIF'),
(143, 'HARDIANSYAH', 'DA0721', 'SUB DISTRIBUTOR', 'KELAYAN TENGAH', '085210997212', 38.01, '-3.3358736847925066', '114.59106087684633', '2018-05-12 23:03:02', '2022-07-10 03:22:09', 'AKTIF'),
(144, 'ELLYA NOOR', 'DA0732', 'DISTRIBUTOR', 'JALAN HIKMAH BANUA SIMPANG LIMAU RT 27 RW 2 NO. 23 DEKAT SMP 16', '085950077600', 33.23, '-3.3449118917230702', '114.633868932724', '2018-05-21 00:00:00', '2022-07-11 03:58:57', 'AKTIF'),
(145, 'NOR AWALIA', 'DA0733', 'DISTRIBUTOR', 'JL. TRANS KALIMANTAN, TOKO MINA ADIBAH BUNDARAN BESAR, SAMPING TAMAN ASKARI, SEBERANG WONG SOLO, RT. 02 RW. 01 KEL. SELAT UTARA KEC. SELAT KAB. KAPUAS, KAL-TENG KODEPOS 73515', '08125106669', 92.47, '-2.9707841877350663', '114.41085856626653', '2018-05-22 20:13:49', '2022-07-11 11:21:02', 'AKTIF'),
(146, 'IPAN NOPIANTO', 'DA0739', 'DISTRIBUTOR', 'JL. JAYA WIJAYA 7 NO. 12 BAAMANG TENGAH, SAMPIT (PABRIK)', '082157424345', 450.28, '-2.5181419094700046', '112.94589042663574', '2018-06-07 23:04:48', '2022-07-10 08:41:37', 'AKTIF'),
(147, 'ELYAS', 'DA0742', 'DISTRIBUTOR', 'JL.G.OBOS XXVII BLOK B NO 2', '082153941585', 230.63, '-2.21865386312344', '113.91440391540529', '2018-06-23 00:00:00', '2022-07-10 03:01:41', 'AKTIF'),
(148, 'NOOR FADHILLAH', 'DA0745', 'DISTRIBUTOR', 'GAYUR,AMUNTAI', '081348105408', 166.82, '-2.407115171712099', '115.24797577269004', '2018-06-29 20:11:04', '2022-07-11 11:07:41', 'AKTIF'),
(149, 'NOORLAILA ZAKIAH', 'DA0746', 'DISTRIBUTOR', 'SEI TURAK,AMUNTAI', '085248023580', 170, '-2.386450756832604', '115.27910000759913', '2018-06-29 20:11:50', '2022-07-11 11:09:35', 'AKTIF'),
(150, 'MUJAHIDIN', 'DA0754', 'DISTRIBUTOR', 'DISTRO SUNGAI BILUJALAN KERAMAT RAYA RT.8 NO.59 KELURAHAN SUNGAI BILU KOTA BANJARMASIN', '085248142255', 36.51, '-3.3187928695459066', '114.60628423362307', '2018-07-06 20:02:19', '2022-07-11 10:59:21', 'AKTIF'),
(151, 'NUR SYARIAH', 'DA0766', 'DISTRIBUTOR', 'SAMARINDA', '081350256665', 612.28, '-0.5009831421201861', '117.13989861974736', '2018-07-13 20:15:52', '2022-07-11 11:29:01', 'AKTIF'),
(152, 'KATIMAN', 'DA0767', 'DISTRIBUTOR', 'BAROKAH,BATU LICIN', '081224665963', 268.71, '-3.409753615871331', '115.99733233451845', '2018-07-26 00:00:00', '2022-07-11 02:21:43', 'AKTIF'),
(153, 'ANDI SUWARDHANI PUTRA (SRIARIYANI A)', 'DA0768', 'SUB DISTRIBUTOR', 'PENGHULU', '082158032328', 86.06, '-2.9877139930811474', '114.77087616920473', '2018-07-23 23:06:26', '2022-07-09 15:59:57', 'AKTIF'),
(154, 'NOR AYDAWATI (SRIARYANI B)', 'DA0769', 'SUB DISTRIBUTOR', 'BALIUK', '082158032328', 84.77, '-2.9942260998261587', '114.77677630322665', '2018-07-23 23:07:44', '2022-07-11 11:21:39', 'AKTIF'),
(155, 'RAHMI (SRIARYANI C)', 'DA0770', 'SUB DISTRIBUTOR', 'BAGUS', '082158032328', 84.75, '-2.99804328568442', '114.77967381477357', '2018-07-23 23:09:30', '2022-07-12 02:26:33', 'AKTIF'),
(156, 'MASTAWIAH (SRIARYANI D)', 'DA0771', 'SUB DISTRIBUTOR', 'ULU BENTENG', '082158032328', 89.81, '-2.981802754975561', '114.7414791584015', '2018-07-23 23:10:11', '2022-07-11 10:29:25', 'AKTIF'),
(157, 'ANDI AGUNG N', 'DA0773', 'SUB DISTRIBUTOR', 'SEI ULIN', '082148257307', 13.74, '-3.4523413183981884', '114.8562777042389', '2018-08-06 23:10:52', '2022-07-09 15:57:47', 'AKTIF'),
(158, 'AGUS YULIANTO', 'DA0780', 'DISTRIBUTOR', 'KM 25,,,JLN GARUDA ,KAMPUNG KARANG JAWA RT 06,RW 06,NO 08..LANDASAN ULIN TIMUR.', '08115022064', 12.02, '-3.4512043065831226', '114.74686503410341', '2019-02-28 00:00:00', '2022-07-09 15:39:16', 'AKTIF'),
(159, 'SUPIANOR', 'DA0782', 'DISTRIBUTOR', 'JL ANGGREK 2 DALAM RT 5 NO 47 PEMBATAAN KEC MURUNG PUDAK KAB TABALONG', '08125102308', 199.43, '-2.170058260720187', '115.39872765541078', '2018-09-08 22:27:59', '2022-07-12 02:55:44', 'AKTIF'),
(160, 'DWI LURI PRIONO', 'DA0784', 'SUB DISTRIBUTOR', 'RANGDA MALINGKUNG', '082154303060', 88.16, '-2.9333659554891907', '115.14840245246889', '2018-09-13 23:13:06', '2022-07-10 02:50:45', 'AKTIF'),
(161, 'RASYIDAH', 'DA0792', 'DISTRIBUTOR', 'JALAN AHMAD YANI KM 8,200 MANARAP TENGAH KOMPLEK BUMI MANARAP PERMAI', '085389105369', 31.09, '-3.3620613741924887', '114.63645458221437', '2018-09-29 20:23:20', '2022-07-12 02:27:19', 'AKTIF'),
(162, 'MILKAH', 'DA0796', 'DISTRIBUTOR', 'SEI DANAU', '081223455229', 147.72, '-3.780596519886417', '115.39569139480592', '2018-10-13 19:53:50', '2022-07-11 10:45:11', 'AKTIF'),
(163, 'M HARRY SAPUTRA F', 'DA0803', 'DISTRIBUTOR', 'MANARAP TENGAH', '0817611990', 32.2, '-3.3620068208840905', '114.64573502540588', '2018-11-09 00:00:00', '2022-07-11 09:40:55', 'AKTIF'),
(164, 'SYAIFUL ANAM', 'DA0804', 'DISTRIBUTOR', 'HAMALAU', '087731440998	', 107.85, '-2.8028361348414825', '115.25484323501588', '2018-11-12 22:43:24', '2022-07-12 04:51:05', 'AKTIF'),
(165, 'SABILAL MUHTADIN', 'DA0810', 'DISTRIBUTOR', 'BANJARMASIN', '081349085184', 38.6, '-3.3190458548798936', '114.59122180938722', '2018-10-08 20:29:58', '2022-07-12 02:46:17', 'AKTIF'),
(166, 'YULIANI', 'DA0815', 'SUB DISTRIBUTOR', 'SURGI MUFTI', '08115048003', 40.38, '-3.306705331286331', '114.60387110710144', '2019-02-16 22:52:44', '2022-07-12 05:06:20', 'AKTIF'),
(167, 'KASPUL ANWAR', 'DA0823', 'DISTRIBUTOR', 'KOTABARU', '081349018883', 345.11, '-2.8003313482717958', '116.07787370681764', '2019-01-30 00:00:00', '2022-07-11 02:20:49', 'AKTIF'),
(168, 'HADIANOR', 'DA0824', 'DISTRIBUTOR', 'JL. AMPAH BUNTOK RT. 40 URUP KEL. AMPAH KOTA KEC. DUSUN TENGAH KAB. BARITO TIMUR PROV. KALIMANTA TENGAH', '085248850784', 258.8, '-1.8001861572590532', '115.15019416809083', '2019-02-04 00:00:00', '2022-07-10 03:20:39', 'AKTIF'),
(169, 'SUCI AYUNINGTYAS', 'DA0831', 'DISTRIBUTOR', 'PERUM PESONA MODERN JLN ALAM 6 U.15 JL A. YANI KM 11,2 KERTAKHANYAR BANJAR.', '081298292474', 32.15, '-3.354486063766939', '114.62445974349976', '2019-02-28 22:22:10', '2022-07-12 02:52:06', 'AKTIF'),
(170, 'NUR ISRARIAH', 'DA0832', 'DISTRIBUTOR', 'JL LINGKAR DLM SELATAN TATAH BELAYUNG RT 46', '081385598988', 35.65, '-3.347448733989052', '114.60649918312465', '2019-03-05 23:13:59', '2022-07-11 11:27:36', 'AKTIF'),
(171, 'FEBRIARNO', 'DA0834', 'SUB DISTRIBUTOR', 'JL. MENTENG NO. 38 SAWAHAN, SAMPIT (PABRIK)', '081348972136', 452.72, '-2.531779577524108', '112.93419599533082', '2019-03-13 23:15:33', '2022-07-10 03:06:28', 'AKTIF'),
(172, 'KHAIRUNNISA ', 'DA0837', 'SUB DISTRIBUTOR', 'PARINGIN SELATAN', '081253926925', 173.73, '-2.3346191302418844', '115.4567277431488', '2019-03-19 23:17:23', '2022-07-11 02:24:16', 'AKTIF'),
(173, 'M MUJAHID', 'DA0860', 'SUB DISTRIBUTOR', 'KERAMAT RAYA BANJARMSIN', '081349374968', 36.95, '-3.3169542615651415', '114.60916042327882', '2019-06-17 23:18:10', '2022-07-11 10:15:24', 'AKTIF'),
(174, 'MAHDANI', 'DA0872', 'DISTRIBUTOR', 'KOMP. BUMI HANDAYANI 12A KM. 4.5, JL. BUMI MAS RAYA, PEMURUS BARU, KEC. BANJARMASIN SEL., KOTA BANJARMASIN, KALIMANTAN SELATAN 70249/UKHUWAH GEDUNG BARU SAMPING GOR.', '08998945518', 34.24, '-3.3386311628028897', '114.61303353309633', '2019-07-27 00:00:00', '2022-07-11 10:21:37', 'AKTIF'),
(175, 'SYAFRUDIN', 'DA0873', 'DISTRIBUTOR', 'MARTAPURA', '082357303977', 16.53, '-3.4056482671447714', '114.84356403350831', '2019-07-27 22:40:32', '2022-07-12 04:48:17', 'AKTIF'),
(176, 'AMIR SIDIK', 'DA0882', 'SUB DISTRIBUTOR', 'JL. KOPI 58 MB. HILIR, SAMPIT (PABRIK)', '08124451879', 450.92, '-2.5168984415091256', '112.94091224670412', '2019-08-16 23:19:12', '2022-07-09 15:56:42', 'AKTIF'),
(177, 'JUMINAH', 'DA0889', 'SUB DISTRIBUTOR', 'TOKO AMANAH JL. H. IMBRAN KETAPANG, SAMPIT (PABRIK)', '082157014659', 452.93, '-2.539268594982218', '112.94609427452089', '2019-09-14 23:22:30', '2022-07-10 09:15:37', 'AKTIF'),
(178, 'M TAHIR', 'DA0893', 'DISTRIBUTOR', 'JL. PADAT KARYA, RT.19/RW.06, LANJAS, KEC. TEWEH TENGAH, KABUPATEN BARITO UTARA, KALIMANTAN TENGAH 73814', '082153090555', 389.61, '-0.9591042033910628', '114.89484786987306', '2019-09-16 00:00:00', '2022-07-11 10:18:54', 'AKTIF'),
(179, 'SUPIANI', 'DA0898', 'DISTRIBUTOR', 'JL.A.YANI KM.15,500 SAMPING SHOW ROOM WULING MTR RT 24/RW 008 KEL.GAMBUT KEC.GAMBUT BANJAR', '085252823271', 23.04, '-3.4141321068248898', '114.67591524124147', '2019-10-09 00:00:00', '2022-07-12 02:54:23', 'AKTIF'),
(180, 'SARMAN MISERAN', 'DA0902', 'DISTRIBUTOR', 'JALAN AMD. KOMPLEK PERMATA REGENCY BLOK C JALAN KECUBUNG 9 RT.49 RW 003 KELURAHAN PEMURUS DALAM KECAMATAN BANJARMASIN SELATAN', '085753034383', 33.16, '-3.356543596705812', '114.61545825004579', '2019-10-24 23:23:13', '2022-07-12 02:49:27', 'AKTIF'),
(181, 'NURAIDA', 'DA0913', 'DISTRIBUTOR', 'JALAN RTA MILONO KM 6,5 MASUK MARINA PERMAI PERMAI II NO 45 RT. 03/15 KELURAHAN LANGKAI , KECAMATAN PAHANDUT, KOTA PALANGKARAYA', '08125152065', 229.71, '-2.229094715892193', '113.92366183195834', '2019-11-07 00:00:00', '2022-07-11 11:30:21', 'AKTIF'),
(182, 'RUSMANSYAH', 'DA0914', 'SUB DISTRIBUTOR', 'GROGOT,KALTENG', '085348467617', 361.49, '-1.9078160408430278', '116.19034409523012', '2020-11-11 00:00:00', '2022-07-12 02:35:29', 'AKTIF'),
(183, 'FUJI RAHMADI', 'DA0919', 'SUB DISTRIBUTOR', 'JL. MENTENG NO. 61 SAWAHAN, SAMPIT (PABRIK)', '081349054737', 452.99, '-2.5338518907311762', '112.93604135513307', '2019-12-04 00:00:00', '2022-07-10 03:09:56', 'AKTIF'),
(184, 'M ABRORY TADJIB', 'DA0920', 'DISTRIBUTOR', 'LANDASAN ULIN UTARA', '085248727595', 18.02, '-3.427379161446541', '114.71825122833253', '2020-08-29 00:00:00', '2022-07-11 02:26:26', 'AKTIF'),
(185, 'AMRULLAH', 'DA0928', 'DISTRIBUTOR', 'MASJID AR RAHMAHKOMP DHARMA BAKTI LESTARI I SUNGAI ANDAI', '082254069111', 40.58, '-3.2909272037035993', '114.604868888855', '2020-01-02 00:00:00', '2022-07-09 15:57:15', 'AKTIF'),
(186, 'PAIDI', 'DA0929', 'DISTRIBUTOR', 'PELAIHARI', '082154172374', 46.45, '-3.8018236329227992', '114.76614416494125', '2020-01-02 00:00:00', '2022-07-11 11:35:56', 'AKTIF'),
(187, 'HENNY R S', 'DA0932', 'SUB DISTRIBUTOR', 'ATU ATU,PELAIHARI', '081347731880', 46.1, '-3.7974313328567897', '114.78855646647024', '2020-01-08 00:00:00', '2022-07-10 06:11:26', 'AKTIF'),
(188, 'HERMANSYAH', 'DA0942', 'SUB DISTRIBUTOR', 'JL. METRO TV GG. BUMI DAYA 3 JALUR 3 NO.44 KETAPANG, SAMPIT', '081351630428', 457.29, '-2.5633003129999015', '112.96610355377199', '2020-02-10 00:00:00', '2022-07-11 03:57:53', 'AKTIF'),
(189, 'YAYASAN IHSANUL AMAL', 'DA0944', 'SUB DISTRIBUTOR', 'AMUNTAI', '081336218898', 159.47, '-2.468968015530676', '115.2139449119568', '2020-02-19 00:00:00', '2022-07-12 05:06:02', 'AKTIF'),
(190, 'WIRAWAN', 'DA0951', 'DISTRIBUTOR', 'JL. TINGANG MENTENG (DEKAT PELINDO) KELURAHAN PULANG PISAU, KEC. KAHAYAN HILIR, KAB. PULANG PISAU', '081253347695', 139.48, '-2.7462469430283796', '114.25909996032716', '2020-03-19 00:00:00', '2022-07-12 05:02:57', 'AKTIF'),
(191, 'WAHYU SULISTYO', 'DA0952', 'DISTRIBUTOR', 'JL. SOERATNO NO. 14 B, RT 06 RW 02, KEL. GUNTUNG PAYUNG, KEC. LANDASAN ULIN, BANJARBARU 70721', '081251273737', 10.2, '-3.441696026570688', '114.78601992130281', '2020-03-20 00:00:00', '2022-07-12 05:00:56', 'AKTIF'),
(192, 'DIAH SAWITRI', 'DA0958', 'SUB DISTRIBUTOR', 'KEMUNING', '081257342760', 9.35, '-3.446829919959814', '114.83106493949892', '1899-12-30 00:00:00', '2022-07-10 02:49:06', 'AKTIF'),
(193, 'SANDY KIRANA', 'DA0959', 'DISTRIBUTOR', 'JL ANGGREK 3 NO 2 RT 005 RW 006 KECAMATAN PAHANDUT, KELURAHAN LANGKAI, PALANGKARAYA 73111', '085213838382', 231.39, '-2.2154936354990533', '113.9259159564972', '2020-04-15 00:00:00', '2022-07-12 02:48:06', 'AKTIF'),
(194, 'ARIF AULIA RAHMAN', 'DA0966', 'DISTRIBUTOR', 'DESA LINGSIR, PARINGIN SELATAN', '082233175131', 168.17, '-2.359262197912243', '115.44893860816957', '2020-05-16 00:00:00', '2022-07-09 16:02:10', 'AKTIF'),
(195, 'MUHAMMAD MABRUR', 'DA0993', 'DISTRIBUTOR', 'TOKO KEBAB AL-FATIH / PENCUCIAN MOBIL BENU CARWASH. (SEBRANG DISTRO HOOPS ATAU MINI MARKET AZ-ZAHRA)', '087814012112', 11.56, '-3.4347472305271576', '114.83692244701965', '2020-06-12 00:00:00', '2022-07-11 11:08:38', 'AKTIF'),
(196, 'SUPRIYADI', 'DA1003', 'DISTRIBUTOR', 'JL. KENARI V RT. 5 NO 624 PERUMNAS PULOTELO,SELAT BARAT, KAPUAS KALTENG', '085248094110', 95.08, '-3.006523717012844', '114.39942240715028', '2020-08-24 00:00:00', '2022-07-12 02:59:06', 'AKTIF'),
(197, 'MUHAMMAD TAUFIK', 'DA1004', 'DISTRIBUTOR', 'BATU LICIN', '0811505035', 274.79, '-3.448449888228774', '116.00080783305945', '2020-06-25 00:00:00', '2022-07-11 10:58:23', 'AKTIF'),
(198, 'ARY YATNO', 'DA1011', 'DISTRIBUTOR', 'KOMPLEK GRIYA ULIN PERMAI JLN WALET / BLOK V NO 5 LANDASAN ULIN TIMUR', '08125192995', 12.73, '-3.4557349275942597', '114.73993420600891', '2020-06-29 00:00:00', '2022-07-09 16:03:03', 'AKTIF'),
(199, 'BANGKIT GINANTORO', 'DA1024', 'SUB DISTRIBUTOR', 'SYAMSUDIN NOOR, LANDASAN ULIN', '081349702258', 19.16, '-3.442670924074235', '114.69610691070558', '2020-07-08 00:00:00', '2022-07-10 00:03:25', 'AKTIF'),
(200, 'NOOR ASIAH', 'DA1056', 'DISTRIBUTOR', 'JL. A. YANI NO 70. RT/ RW 001/001 KEL. PELAIHARI KEC PELAIHARI KAB. TANAH LAUT', '082251313357', 46.3, '-3.8013330783952113', '114.76879392576106', '2020-08-13 11:53:26', '2022-07-11 11:06:51', 'AKTIF'),
(201, 'AULIA AINA RAHMAN', 'DA1063', 'SUB DISTRIBUTOR', 'JL. JERUK 3 NO. 12 RT.050 RW.009 KELURAHAN MENTAWA BARU HILIR KECAMATAN MENTAWA BARU KETAPANG', '082252108560', 453.56, '-2.5471449536134956', '112.94502139091493', '2020-08-21 15:08:56', '2022-07-09 16:07:35', 'AKTIF'),
(202, 'MECCA', 'DA1064', 'DISTRIBUTOR', 'SUTOYO S, BANJARMASIN', '081252344888', 38.31, '-3.3202055444738696', '114.58542823791505', '2020-09-04 10:04:50', '2022-07-11 10:35:39', 'AKTIF'),
(203, 'SYAFIQ ABDULLAH', 'DA1071', 'DISTRIBUTOR', 'KOMP TAMAN ASRI JLN CEMPAKA BLOK D NO 11 PELAIHARI KEL SARANG HALANG', '085249638974', 47.54, '-3.8095037461164365', '114.7887933254242', '2020-09-12 10:38:00', '2022-07-12 04:47:34', 'AKTIF'),
(204, 'TOKO TAUFIK (NIZMA CEMILA', 'DA1099', 'DISTRIBUTOR', 'JL.PAHLAWAN RT 1/RW 2 NO 12,SUNGAI PANDAN TENGAH KEC. SUNGAI PANDAN ALABIO', '082155753180', 159.42, '-2.4685818294938886', '115.21349966526033', '2020-10-31 13:54:39', '2022-07-12 04:58:00', 'AKTIF'),
(205, 'AL KAUTSAR', 'DA1100', 'DISTRIBUTOR', 'JL.  JANAR NO. 6, RT02/RW 02, KELURAHAN KOMET,  BANJARBARU UTARA -BANJARBARU', '081347710388', 11.16, '-3.440870907891122', '114.84015226364137', '2020-11-02 09:32:17', '2022-07-09 15:42:26', 'AKTIF'),
(206, 'NUR HAYATI', 'DA1103', 'SUB DISTRIBUTOR', 'PALAM', '085332620412', 2.05, '-3.498858449723218', '114.79796568038194', '2020-11-13 10:18:29', '2022-07-11 11:25:33', 'AKTIF'),
(207, 'M NULFI RIDHANI', 'DA1117', 'SUB DISTRIBUTOR', 'SEI LULUT, BANJARMASIN TIMUR, BANJARMASIN', '089648829871', 38.74, '-3.3225424114210553', '114.6357035636902', '2021-09-25 12:01:02', '2022-07-11 10:17:47', 'AKTIF'),
(208, 'ADHY GUSTI CITRA MAHAJANA', 'DA1159', 'SUB DISTRIBUTOR', 'JALAN GRIYA ASRI KOMPLEK CITRA KARTIKA EKA PAKSI BLOK I NO. 1 KELURAHAN LANDASAN ULIN BARAT RT 16 RW 02 KEC. LIANG ANGGANG KAB. BANJARBARU 70722', '081549230311', 22.37, '-3.4324887303048124', '114.69031333923341', '2020-12-24 10:31:17', '2022-07-09 15:29:39', 'AKTIF'),
(209, 'SUPIAN TJ', 'DA1200', 'DISTRIBUTOR', 'BELIMBING RAYA SAMPING PDAM', '081351788822', 204.52, '-2.149304505488891', '115.39270877838136', '2021-02-17 17:12:35', '2022-07-12 02:53:50', 'AKTIF'),
(210, 'RUSDIANA', 'DA1202', 'SUB DISTRIBUTOR', 'KM 25,,,JLN GARUDA ,KAMPUNG KARANG JAWA RT 06,RW 06,NO 08..LANDASAN ULIN TIMUR.', '081251266414', 13.64, '-3.4471268263674286', '114.74712252616884', '2021-03-02 09:48:36', '2022-07-12 02:41:52', 'AKTIF'),
(211, 'UBAIDILLAH', 'DA1204', 'DISTRIBUTOR', ' JALAN PATIH RUMBIH NOMOR 35 KELURAHAN SELAT TENGAH. KECAMATAN SELAT KAB. KAPUAS', '085248800366', 96.78, '-3.0027587672550466', '114.37717080116273', '2021-03-02 10:07:17', '2022-07-12 04:59:32', 'AKTIF'),
(212, 'POPPY SRIYANTI', 'DA1207', 'SUB DISTRIBUTOR', 'JALAN PANGLIMA BATUR TIMUR NO 40A KEL KOMET KEC BANJARBARU UTARA BANJARBARU', '08115121988', 11.77, '-3.4392569473653727', '114.84164357185365', '2021-03-08 14:19:18', '2022-07-12 02:22:18', 'AKTIF'),
(213, 'SUPRIHATIN', 'DA1211', 'DISTRIBUTOR', 'JL. TIUNG 1 NO. 16 SAWAHAN, SAMPIT (PABRIK)', '085754352467', 452.14, '-2.5313453955785197', '112.96121120452882', '2021-09-25 13:26:42', '2022-07-12 02:57:36', 'AKTIF'),
(214, 'ASYIFA NORHANA', 'DA1213', 'DISTRIBUTOR', 'JL. PEMBALAH BATUNG RT. 08 KEL. PALIWARA KEC. AMUNTAI TENGAH KAB. HULU SUNGAI UTARA KALSEL 71418(SEBERANG APOTEK BARATA)', '082255483131', 165, '-2.416954749856165', '115.2519464492798', '2021-04-06 14:58:48', '2022-07-09 16:05:12', 'AKTIF'),
(215, 'BURHAN', 'DA1231', 'SUB DISTRIBUTOR', 'KOTA CITRA GRAHA( KCG) KM. 17.5MAWAR NO.1', '081347144333', 21.7, '-3.4299422053151503', '114.7007203102112', '2021-05-24 14:25:54', '2022-07-10 00:13:43', 'AKTIF'),
(216, 'IRWAN HARMOKO', 'DA1239', 'DISTRIBUTOR', 'JALAN INTANSARI RT.20 RW.04 KEL SEI BESAR BANJARBARU', '081251051125', 12.86, '-3.449312257440817', '114.84985113143922', '2021-06-11 10:15:09', '2022-07-10 09:10:20', 'AKTIF'),
(217, 'AZ ZAHRA BALITAN', 'DA1257', 'SUB DISTRIBUTOR', 'JALAN KARANG ANYAR 1 RT 01/08, GUNTUNG PAYUNG BANJARBARU, LOKATABAT UTARA', '08115080600', 8.65, '-3.434070370621248', '114.80813741683961', '2021-08-19 11:09:16', '2022-07-09 16:09:04', 'AKTIF'),
(218, 'AL YASMIN', 'DA1258', 'SUB DISTRIBUTOR', 'JL. SEKUMPUL UJUNG RT 004 INDRASARI MARTAPURA ', '08115080600', 17.36, '-3.4236304324755342', '114.87171649932863', '2021-08-21 09:36:38', '2022-07-09 15:49:53', 'AKTIF'),
(219, 'RACHMAD SURYADI', 'DA1260', 'DISTRIBUTOR', ' JL KAMARATIH NO.05A RT 6A, PANGGUNG, KEC. PELAIHARI, KABUPATEN TANAH LAUT, KALIMANTAN SELATAN 70815', '082156233608', 40.67, '-3.7570384792709026', '114.76797938346864', '2021-08-25 14:55:24', '2022-07-12 02:25:37', 'AKTIF'),
(220, 'ENI EKO SUSANTI', 'DA1275', 'SUB DISTRIBUTOR', 'JL CEMPAKA RAYA 99 B RT 42 KEL TELAGA BIRU KEC.BANJARMASIN BARAT', '08125041789', 41.62, '-3.32848544002741', '114.57167387008668', '2021-10-07 11:31:33', '2022-07-10 03:04:19', 'AKTIF');
INSERT INTO `distributor` (`id`, `nama`, `id_da`, `paket`, `alamat_dropping`, `no_telepon`, `jarak`, `lat`, `lng`, `tanggal_registrasi`, `tanggal_update_data`, `status_keaktifan`) VALUES
(221, 'MAHMUDAH', 'DA1326', 'DISTRIBUTOR', 'TOKO ZAHRA, JL. ABDUL GANI MAHEDI RT 009', '082158145870', 165.08, '-2.4176914240638334', '115.24980068206787', '2022-01-19 14:22:30', '2022-07-11 10:24:44', 'AKTIF'),
(222, 'LILIK MUNIFAH', 'DA1327', 'SUB DISTRIBUTOR', 'JL. UPT PANDANSARI, KEL. PANDANSARI, KEC KINTAP, KAB TANAH LAUT', '081252481919', 118.36, '-3.867247964459894', '115.2064883708954', '2022-01-22 10:28:20', '2022-07-11 02:25:57', 'AKTIF'),
(223, 'AHMAD SUPIAN', 'DA1329', 'SUB DISTRIBUTOR', 'TUNGKAP, BINUANG, TAPIN', '081522877060', 59.5, '-3.1664450271827587', '115.09187221527101', '2022-02-03 12:05:03', '2022-07-09 15:41:01', 'AKTIF'),
(224, 'ARBAINI', 'DA1330', 'DISTRIBUTOR', 'GALAGAH HULU, SUNGAI TABUKAN,HULU SUNGAI UTARA', '085251272752', 163.73, '-2.4456938199291147', '115.19593119621278', '2022-02-04 16:06:23', '2022-07-09 16:00:32', 'AKTIF'),
(225, 'RUDY CHANDRA', 'DA1334', 'SUB DISTRIBUTOR', 'JL. GOLF, KOMP. DAS NO. 23 RT 007/002, SYAMSUDIN NOOR 	 LANDASAN ULIN, BANJARBARU', '081351683842', 15.95, '-3.4267246155452034', '114.741028547287', '2022-03-01 23:18:20', '2022-07-12 02:40:12', 'AKTIF'),
(226, 'RINDU', 'DA9996', 'BUKAN SUB/DISTRIBUTOR', 'BANJARBARU', 'TIDAK ADA', 7.94, '-3.447911145630982', '114.79545593261719', '2021-03-22 16:33:21', '2022-07-12 02:38:55', 'AKTIF'),
(227, 'ABP', 'DA9997', 'BUKAN SUB/DISTRIBUTOR', 'JALAN TARUNA BHAKTI RT 12, KELURAHAN PALAM, KECAMATAN CEMPAKA', '085845638374', 0.71, '-3.4960241459027577', '114.80881333351137', '2020-08-13 15:29:21', '2022-07-11 03:53:39', 'AKTIF'),
(228, 'PDAM BANDARMASIH', 'DA9998', 'BUKAN SUB/DISTRIBUTOR', 'JL. A.YANI NO.12, KEBUN BUNGA, KEC. BANJARMASIN TIMUR, KOTA BANJARMASIN. KALIMANTAN SELATAN 70234', '085100770216', 35.76, '-3.324710795108641', '114.62090849876405', '2020-08-04 16:15:42', '2022-07-12 02:21:06', 'AKTIF'),
(229, 'Depo BJM', 'DA9999', 'BUKAN SUB/DISTRIBUTOR', 'DEPO BJM, PAL 5,5', '085101405530', 33.26, '-3.341605705330245', '114.6203935146332', '2020-08-04 10:39:56', '2022-07-10 02:48:02', 'AKTIF');

-- --------------------------------------------------------

--
-- Table structure for table `gaji`
--

CREATE TABLE `gaji` (
  `id` int(11) NOT NULL,
  `id_distribusi` int(11) NOT NULL,
  `id_pengirim` int(11) DEFAULT NULL,
  `ontime` double DEFAULT 0,
  `bongkar` double DEFAULT 0,
  `upah` double DEFAULT 0
) ENGINE=InnoDB DEFAULT CHARSET=latin1;

--
-- Dumping data for table `gaji`
--

INSERT INTO `gaji` (`id`, `id_distribusi`, `id_pengirim`, `ontime`, `bongkar`, `upah`) VALUES
(4, 4896, 38, 12058.2, 9450, 74700),
(5, 4896, 11, 12058.2, 9450, 110000),
(6, 4896, NULL, 0, 0, 0),
(7, 4897, 11, 14514, 22000, 110000),
(8, 4897, 38, 14514, 22000, 74700),
(9, 4897, NULL, 0, 0, 0),
(10, 4898, 11, 14018.4, 18000, 110000),
(11, 4898, 38, 14018.4, 18000, 74700),
(12, 4898, NULL, 0, 0, 0),
(13, 4899, 11, 2679.6, 9000, 44000),
(14, 4899, 27, 2679.6, 9000, 28400),
(15, 4899, NULL, 0, 0, 0),
(31, 4905, 11, 0, 4350, 46000),
(32, 4905, 38, 0, 4350, 31238.18),
(33, 4905, NULL, 0, 0, 0),
(40, 4908, 11, 0, 4110, 12130),
(41, 4908, 17, 0, 4110, 8127.1),
(42, 4908, NULL, 0, 0, 0),
(43, 4909, 11, 0, 16500, 110000),
(44, 4909, 38, 0, 16500, 74700),
(45, 4909, NULL, 0, 0, 0),
(46, 4910, 11, 0, 15130, 41020),
(47, 4910, 38, 0, 15130, 27856.31),
(48, 4910, NULL, 0, 0, 0),
(49, 4911, 11, 0, 9560, 86060),
(50, 4911, 27, 0, 9560, 55547.82),
(51, 4911, NULL, 0, 0, 0),
(52, 4912, 15, 0, 5720, 29848.55),
(53, 4912, 32, 0, 5720, 29848.55),
(54, 4912, 38, 0, 5720, 24637.42),
(55, 4913, 11, 5817.17, 9000, 95520),
(56, 4913, 38, 5817.17, 9000, 64866.76),
(57, 4913, 17, 5817.17, 9000, 63998.4),
(58, 4914, 11, 10618, 21000, 110000),
(59, 4914, 27, 10618, 21000, 71000),
(60, 4914, 38, 10618, 21000, 74700),
(61, 4915, 15, 10138, 16000, 90500),
(62, 4915, 32, 10138, 16000, 90500),
(63, 4915, 34, 10138, 16000, 74700),
(64, 4916, 15, 5817, 9000, 78587),
(65, 4916, 38, 5817, 9000, 64867),
(66, 4916, 27, 5817, 9000, 61654),
(67, 4917, 9, 2896, 10500, 39121),
(68, 4917, 38, 2896, 10500, 32291),
(69, 4917, 20, 2896, 10500, 39121),
(70, 4918, 37, 14148, 10000, 100000),
(71, 4918, 16, 14148, 10000, 73700),
(72, 4918, 33, 14148, 10000, 74700),
(73, 4919, 37, 12898, 11000, 100000),
(74, 4919, 39, 12898, 11000, 74700),
(75, 4919, 17, 12898, 11000, 73700),
(76, 4920, 11, 11786, 6000, 110000),
(77, 4920, 38, 11786, 6000, 74700),
(78, 4920, 27, 11786, 6000, 71000),
(79, 4921, 2, 0, 0, 0),
(80, 4921, 20, 0, 0, 0),
(81, 4921, 33, 0, 0, 0),
(82, 4922, 11, 0, 0, 0),
(83, 4922, 27, 0, 0, 0),
(84, 4922, 33, 0, 0, 0),
(85, 4923, 11, 0, 0, 0),
(86, 4923, 39, 0, 0, 0),
(87, 4923, 20, 0, 0, 0),
(88, 4924, 11, 0, 0, 0),
(89, 4924, 16, 0, 0, 0),
(90, 4924, NULL, 0, 0, 0),
(91, 4925, 37, 0, 0, 0),
(92, 4925, 17, 0, 0, 0),
(93, 4925, 38, 0, 0, 0),
(94, 4926, 12, 0, 0, 0),
(95, 4926, 39, 0, 0, 0),
(96, 4926, 34, 0, 0, 0);

-- --------------------------------------------------------

--
-- Table structure for table `karyawan`
--

CREATE TABLE `karyawan` (
  `id` int(11) NOT NULL,
  `username` varchar(30) DEFAULT NULL,
  `password` varchar(50) DEFAULT NULL,
  `nama` varchar(35) NOT NULL,
  `nik` varchar(16) NOT NULL,
  `tempat_lahir` varchar(50) NOT NULL,
  `tanggal_lahir` date NOT NULL,
  `jenis_kelamin` enum('LAKI-LAKI','PEREMPUAN') NOT NULL,
  `alamat` varchar(512) NOT NULL,
  `agama` enum('-','ISLAM','PROTESTAN','KATOLIK','HINDU','BUDDHA','KONGHUCU') NOT NULL,
  `status` enum('KAWIN','BELUM KAWIN') NOT NULL,
  `gol_darah` enum('-','A','B','AB','O') DEFAULT NULL,
  `jabatan` enum('DRIVER','HELPER','ADMINKEU','SPVDISTRIBUSI','MGRDISTRIBUSI') NOT NULL,
  `no_telepon` varchar(14) NOT NULL,
  `sim` enum('-','A','B1','B2','C','D','A UMUM','B1 UMUM','B2 UMUM') NOT NULL,
  `email` varchar(50) DEFAULT NULL,
  `tanggal_registrasi` datetime NOT NULL DEFAULT current_timestamp(),
  `tanggal_update_data` timestamp NOT NULL DEFAULT current_timestamp() ON UPDATE current_timestamp(),
  `status_karyawan` enum('BORONGAN','BULANAN') NOT NULL,
  `status_keaktifan` enum('AKTIF','NON AKTIF') NOT NULL,
  `upah_borongan` int(7) NOT NULL,
  `foto` varchar(255) DEFAULT NULL
) ENGINE=InnoDB DEFAULT CHARSET=latin1;

--
-- Dumping data for table `karyawan`
--

INSERT INTO `karyawan` (`id`, `username`, `password`, `nama`, `nik`, `tempat_lahir`, `tanggal_lahir`, `jenis_kelamin`, `alamat`, `agama`, `status`, `gol_darah`, `jabatan`, `no_telepon`, `sim`, `email`, `tanggal_registrasi`, `tanggal_update_data`, `status_karyawan`, `status_keaktifan`, `upah_borongan`, `foto`) VALUES
(1, 'mrasyid0005', 'c0dc3d11bb404b565331fa2d2d53fdec', 'MUHAMMAD RASYID', '6372030706940005', 'SUNGAI TIUNG', '1994-06-07', 'LAKI-LAKI', 'CEMPAKA TENGAH RT 010 RW 004 KELURAHAN CEMPAKA KECAMATAN CEMPAKA', 'ISLAM', 'KAWIN', '-', 'DRIVER', '-', 'B2 UMUM', NULL, '2019-10-30 00:00:00', '2022-07-12 05:33:37', 'BORONGAN', 'NON AKTIF', 0, NULL),
(2, 'birawan0006', '8adf675e0552f2c9c17d661cdb8ad7c9', 'BUDI IRAWAN', '6307060703860006', 'ANJIR', '1986-03-07', 'LAKI-LAKI', 'JL MAKMUR KOMP GRAHA PERMATA INDAH 8 RT 006 RW 004 KELURAHAN LANDASAN ULIN ', 'ISLAM', 'KAWIN', '-', 'DRIVER', '-', 'B1 UMUM', NULL, '2012-03-04 22:52:30', '2022-07-12 05:33:37', 'BULANAN', 'AKTIF', 0, NULL),
(3, 'suriapani0007', '827ccb0eea8a706c4c34a16891f84e7b', 'SURIAPANI', '6307110107920007', 'KABANG', '1992-07-01', 'LAKI-LAKI', 'KABANG RT 001 RW 001 KELURAHAN KABANG KECAMATAN LIMPASU', 'ISLAM', 'KAWIN', '-', 'DRIVER', '-', 'B1 UMUM', NULL, '2019-03-14 00:00:00', '2022-07-12 05:33:37', 'BORONGAN', 'NON AKTIF', 110000, NULL),
(4, 'rhidayat0001', 'dbba0b0dbfcf31c8478de56d1cd42a98', 'RAHMAT HIDAYAT', '6372021808970001', 'MARTAPURA', '1997-08-18', 'LAKI-LAKI', 'KOMP LAMBUNG MANGKURAT REGENCY RT 002 RW 001 KELURAHAN PALAM KECAMATAN CEMP', 'ISLAM', 'KAWIN', '-', 'DRIVER', '-', 'B1 UMUM', NULL, '2017-02-19 22:52:56', '2022-07-12 05:33:37', 'BORONGAN', 'NON AKTIF', 0, NULL),
(5, 'aghafur0005', '549f5bd3bf4f0d7473add189514e894f', 'ABDUL GHAPUR', '6372030305910005', 'BANGKAL', '1991-05-03', 'LAKI-LAKI', 'JL MISTAR COKROKUSUMO BANGKAL RT 002 RW 001 KELURAHAN BANGKAL KECAMATAN CEMPAKA', 'ISLAM', 'KAWIN', '-', 'HELPER', '-', '', NULL, '2018-12-05 00:00:00', '2022-07-12 05:33:37', 'BORONGAN', 'NON AKTIF', 73700, NULL),
(6, 'sugani0007', 'd002a2cc8462b7c862650f905172b224', 'SUGANI', '6372030506930007', 'BANGKAL', '1993-06-05', 'LAKI-LAKI', 'BASUNG 1 CEMPAKA RT 013 RW 005 KELURAHAN CEMPAKA KECAMATAN CEMPAKA', 'ISLAM', 'KAWIN', '-', 'HELPER', '-', '-', NULL, '2017-10-09 00:00:00', '2022-07-12 05:33:37', 'BORONGAN', 'NON AKTIF', 73700, NULL),
(7, 'ahmad0002', '2f587db3068dd0983f111ab8a9660b41', 'AHMAD', '6372030510950002', 'ANJIR', '1995-10-05', 'LAKI-LAKI', 'JL TARUNA BAKTI RT 012 RW 004 KELURAHAN PALAM KECAMATAN CEMPAKA', 'ISLAM', 'BELUM KAWIN', '-', 'DRIVER', '-', 'A', NULL, '2018-07-09 00:00:00', '2022-07-12 05:33:37', 'BORONGAN', 'NON AKTIF', 0, NULL),
(8, 'mjaini0002', '34c4aa698d2a95a282b45cdfd5629171', 'M JAINI', '6372030906950002', 'BANGKAL', '1995-06-09', 'LAKI-LAKI', 'JL H MR COKROKUSUMO RT 006 RW 002 KELURAHAN BANGKAL KECAMATAN CEMPAKA ', 'ISLAM', 'BELUM KAWIN', '-', 'HELPER', '-', '-', NULL, '2019-10-01 00:00:00', '2022-07-12 05:33:37', 'BORONGAN', 'NON AKTIF', 0, NULL),
(9, 'trahman0001', '48368b96690ba44a1d99186c8f68e2de', 'TAUPIK RAHMAN', '6372031009840001', 'PALAM', '1984-09-10', 'LAKI-LAKI', 'TRANSAD PALAM BLOK D RT 010 RW 004 KELURAHAN PALAM KECAMATAN CEMPAKA', 'ISLAM', 'KAWIN', 'O', 'DRIVER', '081254819794', '-', NULL, '2019-10-04 00:00:00', '2022-07-12 05:33:37', 'BORONGAN', 'AKTIF', 90500, NULL),
(10, 'kasianoor0002', '60eb0e637b3a1cc1e903c5604c7b33f8', 'KASIANOOR', '6372031409860002', 'BANGKAL', '1986-06-14', 'LAKI-LAKI', 'JL MISTAR COKROKUSUMO BANGKAL RT 005 RW 002 KELURAHAN BANGKAL KECAMATAN CEM', 'ISLAM', 'KAWIN', '-', 'DRIVER', '-', 'A', NULL, '2018-12-01 00:00:00', '2022-07-12 05:33:37', 'BORONGAN', 'NON AKTIF', 0, NULL),
(11, 'mhamidi000', '202cb962ac59075b964b07152d234b70', 'MUHAMMAD HAMIDI', '6372031707071000', 'BANGKAL', '2001-07-14', 'LAKI-LAKI', 'JL H MR COKROKUSUMO RT 005 RW 002 KELURAHAN BANGKAL KECAMATAN CEMPAKA', 'ISLAM', 'BELUM KAWIN', '-', 'DRIVER', '-', 'B1 UMUM', 'mikahikaai10@gmail.com', '2018-03-07 00:00:00', '2022-07-12 05:35:32', 'BORONGAN', 'AKTIF', 110000, NULL),
(12, 'mfauzi0002', '1b573791071ac31212614607817358f8', 'MIFTAH FAUZI', '6403051601920002', 'PONTIANAK', '1992-01-16', 'LAKI-LAKI', 'JL PALAM RT 047 RW 007 KELURAHAN GUNTUNG MANGGIS KECAMATAN LANDASAN ULIN ', 'ISLAM', 'KAWIN', 'O', 'DRIVER', '-', 'A', NULL, '2018-07-19 00:00:00', '2022-07-12 05:33:37', 'BORONGAN', 'AKTIF', 85000, NULL),
(13, 'hluar9999', '0004118adad1d76421bd8e79b958212b', 'Helper Luar', '9999999999999999', '-', '2020-07-01', '', '-', '-', '', '-', 'HELPER', '-', '-', NULL, '2020-07-31 22:16:27', '2022-07-12 05:33:37', 'BORONGAN', 'AKTIF', 0, NULL),
(14, 'mfaisal0002', 'b13b5a6dd39bfb4acf8c17c5389ba6bc', 'MUHAMMAD FAISAL', '6372030910980002', 'BANJARBARU', '1998-10-30', 'LAKI-LAKI', 'JL MISTAR COKROKUSUMO BANGKAL 005/006 KELURAHAN BANGKAL KECAMATAN CEMPAKA', 'ISLAM', 'BELUM KAWIN', '', 'HELPER', '-', '', NULL, '2019-03-04 10:10:00', '2022-07-12 05:33:37', 'BORONGAN', 'NON AKTIF', 0, NULL),
(15, 'rahman0004', 'aa50dce588b60f8b3e512b6e220547f9', 'RAHMAN', '6372031906910004', 'KUSAN ILIR', '2021-01-08', 'LAKI-LAKI', 'JL MISTAR COKROKUSUMO BANGKAL 006/002', 'ISLAM', 'KAWIN', 'A', 'DRIVER', '08311212310', 'A', NULL, '2020-08-03 10:10:00', '2022-07-12 05:33:37', 'BORONGAN', 'AKTIF', 90500, NULL),
(16, 'aalfajriannoor0003', '2fc0b6d749c8fee82ea47c397c5824ed', 'AHMAD ALFAJRIANNOOR', '6372030104010003', 'BANGKAL', '2001-04-01', 'LAKI-LAKI', 'JL. H. MR. COKROKUSUMO, RT 006 RW 002, BANGKAL, CEMPAKA', 'ISLAM', 'BELUM KAWIN', '-', 'HELPER', '-', 'C', NULL, '2020-06-05 10:12:42', '2022-07-12 05:33:37', 'BORONGAN', 'AKTIF', 73700, NULL),
(17, 'msamideri0002', '5a3b20703fe2534310760df8aa93f117', 'MUHAMMAD SAMIDERI', '6372032010950002', 'BANGKAL', '1996-04-20', 'PEREMPUAN', 'JL MISTAR COKRO KUSUMO 009/003 KELURAHAN BANGKAL KECAMATAN CEMPAKA', 'ISLAM', 'BELUM KAWIN', '', 'HELPER', '-', '', NULL, '2020-03-24 10:18:48', '2022-07-12 05:33:37', 'BORONGAN', 'AKTIF', 73700, NULL),
(18, 'msarmiji0002', 'c66917dfd39a9c7961683c0d8577a7b9', 'MUHAMMAD SARMIJI', '6372030404970002', 'BANGKAL', '1997-04-04', 'LAKI-LAKI', 'JL H MR COKROKUSUMO 005/002', 'ISLAM', 'BELUM KAWIN', '-', 'HELPER', '-', '', NULL, '2019-10-01 10:18:48', '2022-07-12 05:33:37', 'BORONGAN', 'NON AKTIF', 73700, NULL),
(19, 'chandra0001', 'c38c8b6cf187860f9829c96496e96cae', 'CHANDRA', '6372032204920001', 'BANGKAL', '1991-04-22', 'LAKI-LAKI', 'JL H MR COKROKUSUMO 005/002 KELURAHAN BANGKAL KECAMATAN CEMPAKA', 'ISLAM', 'BELUM KAWIN', '-', 'HELPER', '-', '', NULL, '2020-08-03 10:20:25', '2022-07-12 05:33:37', 'BORONGAN', 'NON AKTIF', 73700, NULL),
(20, 'ifadillah0003', '36d7b6b3324981a525ad78a3b6375ea0', 'IVAN FADILLAH', '6372032109020003', 'BANGKAL', '2002-09-21', 'LAKI-LAKI', 'JL MISTAR COKROKUSUMO BANGKAL 006/002 KELIRAHAN BANGKAL KECAMATAN CEMPAKA', 'ISLAM', 'BELUM KAWIN', '-', 'DRIVER', '089629665507', 'A', NULL, '2019-08-06 10:20:25', '2022-07-12 05:33:37', 'BORONGAN', 'AKTIF', 90500, NULL),
(21, 'farhani0001', 'cf7dd3bc99e28da465cb389a718cbb62', 'FARHANI', '6210032005990001', 'PALANGKARAYA', '1999-05-20', 'LAKI-LAKI', 'JL ANTANG RANGGAM NO 26 015/000 KELURAHAN TEWEH KECAMATAN TEWEH', 'ISLAM', 'BELUM KAWIN', '', 'DRIVER', '-', 'A', NULL, '2019-02-16 10:21:44', '2022-07-12 05:33:37', 'BORONGAN', 'NON AKTIF', 85000, NULL),
(22, 'iqbal0003', '41103c0f4e776d222082e32bf534ba14', 'IQBAL', '6372032909930003', 'CEMPAKA', '1993-05-13', 'LAKI-LAKI', 'SUNGAI TIUNG 009/005 KELURAHAN SUNGAI TIUNG KECAMATAN CEMPAKA', 'ISLAM', 'KAWIN', '', 'DRIVER', '-', '', NULL, '2020-06-12 10:21:44', '2022-07-12 05:33:37', 'BORONGAN', 'NON AKTIF', 0, NULL),
(23, 'dsumaryanto0000', 'fc1e9426a1ecc66171c401387daf3a0c', 'DUDUT S', '', '', '1964-10-23', '', '', '', '', NULL, '', '', '', NULL, '2020-08-09 09:33:03', '2022-07-12 05:33:37', 'BULANAN', 'AKTIF', 0, NULL),
(24, 'mnasih0000', 'a6c690fae3f459c16ff7b921ab6eb746', 'MUHAMMAD NASIH', '', 'SUNGAI TIUNG', '2000-03-11', 'LAKI-LAKI', 'SUNGAI TIUNG RT 027 RW 008', 'ISLAM', 'KAWIN', '-', 'HELPER', '', 'C', NULL, '2020-08-29 11:09:23', '2022-07-12 05:33:37', 'BORONGAN', 'NON AKTIF', 73700, NULL),
(25, 'mujahani0002', 'e55d2740bb93cfbce63fa52db73048f6', 'MUJAHANI', '6372032906890002', 'BANGKAL', '1989-06-29', 'LAKI-LAKI', 'JL H MR COKROKUSUMO RT 006 RW 002 BANGKAL', 'ISLAM', 'KAWIN', 'O', 'DRIVER', '085705839103', 'B1', NULL, '2020-09-29 14:56:21', '2022-07-12 05:33:37', 'BULANAN', 'AKTIF', 0, NULL),
(26, 'dupriansyah0004', '3d28f769d454d6e292c6502ca76cc326', 'DUPRIANSYAH', '6371051012920004', 'BANJARMASIN', '1991-12-10', 'LAKI-LAKI', 'JL SYEKH SALMAN AL FARISI RT 002 RW 001, KEL GADUNG KERAMAT, KEC BAKARANGAN', 'ISLAM', 'BELUM KAWIN', '-', 'HELPER', '08997099573', 'C', NULL, '2021-01-13 13:50:05', '2022-07-12 05:33:37', 'BULANAN', 'NON AKTIF', 73700, NULL),
(27, 'mnoor0003', '0cf4c17b54e4b78f30a6fa02886abefb', 'MUHAMMAD NOOR', '6372030609960003', 'BANGKAL', '1996-09-06', 'LAKI-LAKI', 'JALAN MISTAR COKROKUSUMO BANGKAL RT 007 RW 003', 'ISLAM', 'BELUM KAWIN', '-', 'HELPER', '0895700615618', '-', NULL, '2021-01-23 10:29:52', '2022-07-12 05:33:37', 'BORONGAN', 'AKTIF', 71000, NULL),
(28, 'suroto0003', '7ec71cd1ed3021b9ee24239b10a31b29', 'SUROTO', '6372021504830003', 'PURWOREJO', '1983-04-15', 'LAKI-LAKI', 'MULYOSARI, PREMBON', 'ISLAM', 'KAWIN', '-', 'DRIVER', '082153532190', 'B1 UMUM', NULL, '2021-01-28 11:16:26', '2022-07-12 05:33:37', 'BORONGAN', 'NON AKTIF', 110000, NULL),
(29, 'mrizki4567', '5efd9c73541ca040e89d8db8ebd2cdc0', 'MUHAMMAD RIZKI', '1234567891234567', 'MARTAPURA', '2002-07-10', 'LAKI-LAKI', 'JL MR COKROKUSUMO RT 4 RW 2 BANGKAL CEMPAKA', 'ISLAM', 'BELUM KAWIN', '-', 'HELPER', '0895339558575', 'C', NULL, '2021-01-28 11:26:13', '2022-07-12 05:33:37', 'BORONGAN', 'NON AKTIF', 73700, NULL),
(30, 'hadri0002', 'ad480534e033ee735aee6c4be3b909b5', 'HADRI', '6372030605990002', 'BANGKAL', '1999-03-06', 'LAKI-LAKI', 'JL H MR COKROKUSUMO RT 008 RW 005 BANGKAL, CEMPAKA', 'ISLAM', 'BELUM KAWIN', '-', 'HELPER', '-', 'C', NULL, '2021-02-10 11:50:01', '2022-07-12 05:33:37', 'BORONGAN', 'NON AKTIF', 73700, NULL),
(31, 'sunarmin0002', 'a2dac122280b5327dbb7c0917c6ba7f7', 'SUNARMIN', '6372032510700002', 'BLITAR', '1970-10-25', 'LAKI-LAKI', 'JL. PERAMBAIAN RT 035 RW 007 SEI ULIN BANJARBARU UTARA', 'ISLAM', 'KAWIN', 'O', 'DRIVER', '081251772929', 'B1 UMUM', NULL, '2021-04-07 11:41:48', '2022-07-12 05:33:37', 'BORONGAN', 'NON AKTIF', 110000, NULL),
(32, 'makbar0001', '14c9f37be948c1d83576a54b4155d05a', 'MUHAMMAD AKBAR', '6372031803000001', 'BANGKAL', '2000-11-18', 'LAKI-LAKI', 'JL. H. MR. COKROKUSUMO RT 006 RW 002 BANGKAL CEMPAKA', 'ISLAM', 'BELUM KAWIN', '-', 'HELPER', '082358660626', 'A', NULL, '2021-04-15 14:07:42', '2022-07-12 05:33:37', 'BORONGAN', 'AKTIF', 90500, NULL),
(33, 'ibrahim0003', 'a5fb8f7e05129dfa71f5e47c305949b4', 'IBRAHIM', '6372030805010003', 'BANGKAL', '2001-05-08', 'LAKI-LAKI', 'JL. MISTAR COKROKUSUMO, BANGKAL, RT 004 RW 002, CEMPAKA', 'ISLAM', 'BELUM KAWIN', '-', 'HELPER', '0', 'C', NULL, '2021-05-18 10:21:58', '2022-07-12 05:33:37', 'BORONGAN', 'AKTIF', 74700, NULL),
(34, 'mrupiani0001', 'c1de09db5d3068532c9274f8cd60f640', 'M RUPIANI', '6372031704000001', 'BANGKAL', '2000-04-17', 'LAKI-LAKI', 'JL. H. MR. COKROKUSUMO RT 006 RW 002 BANGKAL, CEMPAKA', 'ISLAM', 'BELUM KAWIN', '-', 'HELPER', '-', 'C', NULL, '2021-05-28 16:16:28', '2022-07-12 05:33:37', 'BORONGAN', 'AKTIF', 74700, NULL),
(35, 'hrifani0002', '98abb5754d6ebe7b7030b6ce1b056d49', 'HADI RIFANI', '6301050901930002', 'BANJARMASIN', '1993-01-09', 'LAKI-LAKI', 'BENTOK KAMPUNG RT 00 RW 002 BATI-BATI', 'ISLAM', 'KAWIN', '-', 'DRIVER', '087716341778', 'B1', NULL, '2021-06-17 11:09:01', '2022-07-12 05:33:37', 'BORONGAN', 'NON AKTIF', 100000, NULL),
(36, 'agusti0003', '4d01de37a408887149c2e71468fabf76', 'ADHIE GUSTI RIANTO', '6372052808920003', 'GUNTUNG PAYUNG', '1992-08-27', 'LAKI-LAKI', 'JL BAYEM, RT 038 RW 007, LOKTABAT UTARA, BANJARBARU UTARA', 'ISLAM', 'KAWIN', 'O', 'DRIVER', '-', 'A', NULL, '2021-06-17 11:15:19', '2022-07-12 05:33:37', 'BORONGAN', 'NON AKTIF', 85000, NULL),
(37, 'riyandi0007', 'cc706ad6f27265c3229678a44ce6a4e9', 'RIYANDI', '6372022711890007', 'BANJARMASIN', '1989-11-27', 'LAKI-LAKI', 'JL. MAKMUR RT 006 RW 004 KEL. LANDASAN ULIN UTARA, KEC LIANG ANGGANG', 'ISLAM', 'KAWIN', 'O', 'DRIVER', '-', 'B1', NULL, '2021-07-16 10:14:15', '2022-07-12 05:33:37', 'BORONGAN', 'AKTIF', 100000, NULL),
(38, 'msaputra0003', '0d87f4997d019174a6a0f45d41141a0f', 'MUHAMMAD SAPUTRA', '6203070404050003', 'PALINGKAU LAMA', '2005-04-19', 'LAKI-LAKI', 'TRANSAD PALAM BLOK D RT 010 RW 004 KELURAHAN PALAM KECAMATAN CEMPAKA, BANJARBARU', 'ISLAM', 'BELUM KAWIN', '-', 'HELPER', '000000000000', '-', 'mikahikaai10@gmail.com', '2022-01-04 11:04:15', '2022-07-22 00:25:39', 'BORONGAN', 'AKTIF', 74700, NULL),
(39, 'miqbal0005', '990b733c35fb45b10b0e2b88c73b53a4', 'M IQBAL BADALI', '6372030106990005', 'BANGKAL', '1999-06-01', 'LAKI-LAKI', 'JL. H. MR COKROKUSUMO RT 006 RW 002 KEL. BANGKAL, KEC. CEMPAKA', 'ISLAM', 'BELUM KAWIN', '-', 'HELPER', '000000000000', '', NULL, '2022-03-17 11:03:13', '2022-07-12 05:33:37', 'BORONGAN', 'AKTIF', 74700, NULL),
(56, 'spvdist', '202cb962ac59075b964b07152d234b70', 'NURI DEWI SETYOWATI', '6372022809930001', 'KOTABARU', '1993-05-05', 'PEREMPUAN', 'ULIN', 'ISLAM', 'KAWIN', 'B', 'SPVDISTRIBUSI', '000088885555', 'B2 UMUM', 'nuridewi@gmail.com', '2022-04-18 09:59:15', '2022-07-19 18:28:17', 'BULANAN', 'AKTIF', 0, '626241a637ddd.png'),
(57, 'rseptiadi0003', '202cb962ac59075b964b07152d234b70', 'RIAN SEPTIADI', '6372022809930003', 'PELAIHARI', '1993-09-28', 'LAKI-LAKI', 'KOMPLEK GRIYA ULIN PERMAI, JL. ASABRI 3 BLOK I NO.14, RT 004 RW 005, LANDASAN ULIN TIMUR', 'ISLAM', 'KAWIN', 'B', 'ADMINKEU', '087810035627', 'A', 'mikahikaai@gmail.com', '2022-04-18 12:38:05', '2022-07-12 05:37:02', 'BULANAN', 'AKTIF', 100000, '62cd04b56b9c3.png'),
(58, 'adminkeu', '81dc9bdb52d04dc20036dbd8313ed055', 'MUHAMMAD HUMAIDI', '6303073112970011', 'ASTAMBUL', '1997-12-31', 'LAKI-LAKI', 'TAMBANGAN ', 'ISLAM', 'BELUM KAWIN', 'A', 'ADMINKEU', '081545031254', '-', 'muhammad.hummayde@gmail.com', '2022-04-19 16:38:23', '2022-07-12 06:38:54', 'BULANAN', 'AKTIF', 100000, '626241a637ddf.png'),
(64, 'mgrdist', '202cb962ac59075b964b07152d234b70', 'ANNISA AMALIA HAKIM', '6307064801960004', 'BANJARBARU', '1996-01-08', 'PEREMPUAN', 'GUNTUNG MANGGIS', 'ISLAM', 'KAWIN', 'O', 'MGRDISTRIBUSI', '082154026028', 'A', NULL, '2022-04-22 14:57:42', '2022-07-12 14:12:18', 'BULANAN', 'AKTIF', 0, '62cd813ec6174.png');

-- --------------------------------------------------------

--
-- Table structure for table `pengajuan_insentif_borongan`
--

CREATE TABLE `pengajuan_insentif_borongan` (
  `id` int(11) NOT NULL,
  `tgl_pengajuan` date NOT NULL,
  `no_pengajuan` varchar(20) NOT NULL,
  `id_insentif` int(11) NOT NULL,
  `tgl_verifikasi` date DEFAULT NULL,
  `id_verifikator` int(11) DEFAULT NULL,
  `acc_code` varchar(30) DEFAULT NULL,
  `qrcode` varchar(30) DEFAULT NULL,
  `terbayar` enum('0','1','2') DEFAULT '0'
) ENGINE=InnoDB DEFAULT CHARSET=latin1;

--
-- Dumping data for table `pengajuan_insentif_borongan`
--

INSERT INTO `pengajuan_insentif_borongan` (`id`, `tgl_pengajuan`, `no_pengajuan`, `id_insentif`, `tgl_verifikasi`, `id_verifikator`, `acc_code`, `qrcode`, `terbayar`) VALUES
(3, '2022-06-22', 'PJI/2022/06/0001', 5, '2022-07-03', 64, '62c1c2f3c7a84', '62c1c2f3c7a84', '2'),
(5, '2022-06-22', 'PJI/2022/06/0002', 8, '2022-07-12', 64, '62cd8916c9bdd', '62cd8916c9bdd', '2'),
(6, '2022-06-22', 'PJI/2022/06/0002', 11, '2022-07-12', 64, '62cd8916c9bdd', '62cd8916c9bdd', '2'),
(7, '2022-06-22', 'PJI/2022/06/0001', 7, '2022-07-03', 64, '62c1c2f3c7a84', '62c1c2f3c7a84', '2'),
(8, '2022-07-13', 'PJI/2022/07/0001', 10, '2022-07-14', 64, '62d02fcc966ee', '62d02fcc966ee', '2'),
(9, '2022-07-13', 'PJI/2022/07/0001', 13, '2022-07-14', 64, '62d02fdc091d6', '62d02fdc091d6', '2'),
(10, '2022-07-17', 'PJI/2022/07/0002', 4, '2022-07-19', 64, '62d6eeeb40c64', '62d6eeeb40c64', '2'),
(11, '2022-07-17', 'PJI/2022/07/0002', 32, '2022-07-19', 64, '62d6eeeb40c64', '62d6eeeb40c64', '2'),
(12, '2022-07-17', 'PJI/2022/07/0002', 44, '2022-07-19', 64, '62d6eeeb40c64', '62d6eeeb40c64', '2'),
(13, '2022-07-17', 'PJI/2022/07/0002', 47, '2022-07-19', 64, '62d6eeeb40c64', '62d6eeeb40c64', '2'),
(14, '2022-07-17', 'PJI/2022/07/0002', 54, '2022-07-19', 64, '62d6eeeb40c64', '62d6eeeb40c64', '2'),
(15, '2022-07-17', 'PJI/2022/07/0002', 56, '2022-07-19', 64, '62d6eeeb40c64', '62d6eeeb40c64', '2'),
(16, '2022-07-19', 'PJI/2022/07/0003', 31, '2022-07-20', 64, '62d81aaf95f05', '62d81aaf95f05', '2'),
(17, '2022-07-19', 'PJI/2022/07/0003', 40, '2022-07-20', 64, '62d81aaf95f05', '62d81aaf95f05', '2'),
(18, '2022-07-19', 'PJI/2022/07/0003', 43, '2022-07-20', 64, '62d81aaf95f05', '62d81aaf95f05', '2'),
(19, '2022-07-19', 'PJI/2022/07/0003', 46, '2022-07-20', 64, '62d81aaf95f05', '62d81aaf95f05', '2'),
(20, '2022-07-19', 'PJI/2022/07/0003', 49, '2022-07-20', 64, '62d81aaf95f05', '62d81aaf95f05', '2'),
(28, '2022-07-21', 'PJI/2022/07/0004', 55, '2022-07-22', 64, '62d9a777ccf65', '62d9a777c6c2d', '2'),
(29, '2022-07-21', 'PJI/2022/07/0004', 58, NULL, NULL, '62d9a6090bec1', NULL, '1'),
(30, '2022-07-22', 'PJI/2022/07/0005', 60, NULL, NULL, '62d9ed696a5ff', NULL, '1'),
(31, '2022-07-22', 'PJI/2022/07/0006', 65, '2022-07-23', 64, '62dbcd8f08944', '62dbcd8f0147c', '2'),
(32, '2022-07-22', 'PJI/2022/07/0007', 68, NULL, NULL, '62d9f3ee054df', NULL, '1'),
(33, '2022-07-22', 'PJI/2022/07/0007', 77, NULL, NULL, '62d9f3ee054df', NULL, '1');

-- --------------------------------------------------------

--
-- Table structure for table `pengajuan_upah_borongan`
--

CREATE TABLE `pengajuan_upah_borongan` (
  `id` int(11) NOT NULL,
  `tgl_pengajuan` date NOT NULL,
  `no_pengajuan` varchar(20) NOT NULL,
  `id_upah` int(11) NOT NULL,
  `tgl_verifikasi` date DEFAULT NULL,
  `id_verifikator` int(11) DEFAULT NULL,
  `acc_code` varchar(30) DEFAULT NULL,
  `qrcode` varchar(30) DEFAULT NULL,
  `terbayar` enum('0','1','2') DEFAULT '0'
) ENGINE=InnoDB DEFAULT CHARSET=latin1;

--
-- Dumping data for table `pengajuan_upah_borongan`
--

INSERT INTO `pengajuan_upah_borongan` (`id`, `tgl_pengajuan`, `no_pengajuan`, `id_upah`, `tgl_verifikasi`, `id_verifikator`, `acc_code`, `qrcode`, `terbayar`) VALUES
(5, '2022-06-20', 'PJU/2022/06/0001', 4, '2022-07-04', 64, '62c27b54cea72', '62c27b54cea72', '2'),
(18, '2022-07-03', 'PJU/2022/07/0001', 10, '2022-07-03', 64, '62c1c389af518', '62c1c389af518', '2'),
(19, '2022-07-03', 'PJU/2022/07/0001', 13, '2022-07-03', 64, '62c1c389af518', '62c1c389af518', '2'),
(20, '2022-07-13', 'PJU/2022/07/0002', 5, '2022-07-14', 64, '62d02dcb393b1', '62d02dcb393b1', '2'),
(21, '2022-07-13', 'PJU/2022/07/0002', 7, '2022-07-14', 64, '62d02dcb393b1', '62d02dcb393b1', '2'),
(22, '2022-07-13', 'PJU/2022/07/0002', 31, '2022-07-14', 64, '62d02e1fa5665', '62d02e1fa5665', '2'),
(23, '2022-07-13', 'PJU/2022/07/0003', 8, '2022-07-14', 64, '62d05c8121668', '62d05c8121668', '2'),
(24, '2022-07-13', 'PJU/2022/07/0003', 11, '2022-07-14', 64, '62d05c8121668', '62d05c8121668', '2'),
(25, '2022-07-14', 'PJU/2022/07/0004', 40, '2022-07-17', 64, '62d437d5c0cad', '62d437d5c0cad', '2'),
(26, '2022-07-14', 'PJU/2022/07/0004', 43, '2022-07-17', 64, '62d437d5c0cad', '62d437d5c0cad', '2'),
(27, '2022-07-14', 'PJU/2022/07/0004', 46, '2022-07-17', 64, '62d437d5c0cad', '62d437d5c0cad', '2'),
(28, '2022-07-14', 'PJU/2022/07/0005', 32, '2022-07-17', 64, '62d3ccf25572f', '62d3ccf25572f', '2'),
(29, '2022-07-14', 'PJU/2022/07/0005', 44, '2022-07-17', 64, '62d3ccf25572f', '62d3ccf25572f', '2'),
(30, '2022-07-14', 'PJU/2022/07/0005', 47, '2022-07-17', 64, '62d3ccf25572f', '62d3ccf25572f', '2'),
(31, '2022-07-14', 'PJU/2022/07/0005', 54, '2022-07-17', 64, '62d3ccf25572f', '62d3ccf25572f', '2'),
(32, '2022-07-14', 'PJU/2022/07/0005', 56, '2022-07-17', 64, '62d3ccf25572f', '62d3ccf25572f', '2'),
(35, '2022-07-21', 'PJU/2022/07/0006', 49, '2022-07-22', 64, '62d9a1f586e0b', '62d9a1f582bdd', '2'),
(36, '2022-07-21', 'PJU/2022/07/0006', 55, '2022-07-22', 64, '62d9ebbdc0464', '62d9ebbdbbc2a', '2'),
(37, '2022-07-22', 'PJU/2022/07/0007', 58, NULL, NULL, '62db72a143b38', NULL, '1'),
(38, '2022-07-22', 'PJU/2022/07/0008', 60, NULL, NULL, '62dba274c03b3', NULL, '1'),
(39, '2022-07-22', 'PJU/2022/07/0008', 65, NULL, NULL, '62dba274c03b3', NULL, '1'),
(40, '2022-07-23', 'PJU/2022/07/0009', 68, '2022-07-23', 64, '62dbd6a7b4824', '62dbd6a7afbe1', '2');

-- --------------------------------------------------------

--
-- Table structure for table `reset_password`
--

CREATE TABLE `reset_password` (
  `id` int(11) NOT NULL,
  `tanggal_reset` date NOT NULL,
  `id_karyawan` int(11) NOT NULL,
  `code` varchar(100) NOT NULL,
  `expired` enum('0','1') NOT NULL DEFAULT '0'
) ENGINE=InnoDB DEFAULT CHARSET=latin1;

--
-- Dumping data for table `reset_password`
--

INSERT INTO `reset_password` (`id`, `tanggal_reset`, `id_karyawan`, `code`, `expired`) VALUES
(5, '2022-07-02', 57, '162c04e9c3bf05', '1'),
(6, '2022-07-02', 57, '162c04f13bdeae', '1'),
(7, '2022-07-06', 57, '162c584dde6387', '1'),
(9, '2022-07-12', 58, '162cd154114828', '1');

--
-- Indexes for dumped tables
--

--
-- Indexes for table `armada`
--
ALTER TABLE `armada`
  ADD PRIMARY KEY (`id`);

--
-- Indexes for table `distribusi`
--
ALTER TABLE `distribusi`
  ADD PRIMARY KEY (`id`),
  ADD UNIQUE KEY `no_perjalanan` (`no_perjalanan`),
  ADD KEY `id_plat` (`id_plat`),
  ADD KEY `driver` (`driver`),
  ADD KEY `helper_1` (`helper_1`),
  ADD KEY `helper_2` (`helper_2`),
  ADD KEY `modul_pengiriman_ibfk_5` (`nama_pel_1`),
  ADD KEY `modul_pengiriman_ibfk_6` (`nama_pel_2`),
  ADD KEY `modul_pengiriman_ibfk_7` (`nama_pel_3`);

--
-- Indexes for table `distributor`
--
ALTER TABLE `distributor`
  ADD PRIMARY KEY (`id`);

--
-- Indexes for table `gaji`
--
ALTER TABLE `gaji`
  ADD PRIMARY KEY (`id`),
  ADD KEY `id_distribusi` (`id_distribusi`),
  ADD KEY `id_pengirim` (`id_pengirim`);

--
-- Indexes for table `karyawan`
--
ALTER TABLE `karyawan`
  ADD PRIMARY KEY (`id`);

--
-- Indexes for table `pengajuan_insentif_borongan`
--
ALTER TABLE `pengajuan_insentif_borongan`
  ADD PRIMARY KEY (`id`),
  ADD KEY `id_insentif` (`id_insentif`);

--
-- Indexes for table `pengajuan_upah_borongan`
--
ALTER TABLE `pengajuan_upah_borongan`
  ADD PRIMARY KEY (`id`),
  ADD KEY `pengajuan_upah_borongan_ibfk_1` (`id_upah`);

--
-- Indexes for table `reset_password`
--
ALTER TABLE `reset_password`
  ADD PRIMARY KEY (`id`);

--
-- AUTO_INCREMENT for dumped tables
--

--
-- AUTO_INCREMENT for table `armada`
--
ALTER TABLE `armada`
  MODIFY `id` int(4) NOT NULL AUTO_INCREMENT, AUTO_INCREMENT=33;

--
-- AUTO_INCREMENT for table `distribusi`
--
ALTER TABLE `distribusi`
  MODIFY `id` int(11) NOT NULL AUTO_INCREMENT, AUTO_INCREMENT=4928;

--
-- AUTO_INCREMENT for table `distributor`
--
ALTER TABLE `distributor`
  MODIFY `id` int(11) NOT NULL AUTO_INCREMENT, AUTO_INCREMENT=237;

--
-- AUTO_INCREMENT for table `gaji`
--
ALTER TABLE `gaji`
  MODIFY `id` int(11) NOT NULL AUTO_INCREMENT, AUTO_INCREMENT=100;

--
-- AUTO_INCREMENT for table `karyawan`
--
ALTER TABLE `karyawan`
  MODIFY `id` int(11) NOT NULL AUTO_INCREMENT, AUTO_INCREMENT=66;

--
-- AUTO_INCREMENT for table `pengajuan_insentif_borongan`
--
ALTER TABLE `pengajuan_insentif_borongan`
  MODIFY `id` int(11) NOT NULL AUTO_INCREMENT, AUTO_INCREMENT=34;

--
-- AUTO_INCREMENT for table `pengajuan_upah_borongan`
--
ALTER TABLE `pengajuan_upah_borongan`
  MODIFY `id` int(11) NOT NULL AUTO_INCREMENT, AUTO_INCREMENT=41;

--
-- AUTO_INCREMENT for table `reset_password`
--
ALTER TABLE `reset_password`
  MODIFY `id` int(11) NOT NULL AUTO_INCREMENT, AUTO_INCREMENT=10;

--
-- Constraints for dumped tables
--

--
-- Constraints for table `distribusi`
--
ALTER TABLE `distribusi`
  ADD CONSTRAINT `distribusi_ibfk_1` FOREIGN KEY (`id_plat`) REFERENCES `armada` (`id`) ON DELETE CASCADE ON UPDATE CASCADE,
  ADD CONSTRAINT `distribusi_ibfk_2` FOREIGN KEY (`driver`) REFERENCES `karyawan` (`id`) ON DELETE CASCADE ON UPDATE CASCADE,
  ADD CONSTRAINT `distribusi_ibfk_3` FOREIGN KEY (`helper_1`) REFERENCES `karyawan` (`id`) ON DELETE CASCADE ON UPDATE CASCADE,
  ADD CONSTRAINT `distribusi_ibfk_4` FOREIGN KEY (`helper_2`) REFERENCES `karyawan` (`id`) ON DELETE CASCADE ON UPDATE CASCADE,
  ADD CONSTRAINT `distribusi_ibfk_5` FOREIGN KEY (`nama_pel_1`) REFERENCES `distributor` (`id`) ON DELETE CASCADE ON UPDATE CASCADE,
  ADD CONSTRAINT `distribusi_ibfk_6` FOREIGN KEY (`nama_pel_2`) REFERENCES `distributor` (`id`) ON DELETE CASCADE ON UPDATE CASCADE,
  ADD CONSTRAINT `distribusi_ibfk_7` FOREIGN KEY (`nama_pel_3`) REFERENCES `distributor` (`id`) ON DELETE CASCADE ON UPDATE CASCADE;

--
-- Constraints for table `gaji`
--
ALTER TABLE `gaji`
  ADD CONSTRAINT `gaji_ibfk_1` FOREIGN KEY (`id_distribusi`) REFERENCES `distribusi` (`id`) ON DELETE CASCADE ON UPDATE CASCADE,
  ADD CONSTRAINT `gaji_ibfk_2` FOREIGN KEY (`id_pengirim`) REFERENCES `karyawan` (`id`) ON DELETE CASCADE ON UPDATE CASCADE;

--
-- Constraints for table `pengajuan_insentif_borongan`
--
ALTER TABLE `pengajuan_insentif_borongan`
  ADD CONSTRAINT `pengajuan_insentif_borongan_ibfk_1` FOREIGN KEY (`id_insentif`) REFERENCES `gaji` (`id`) ON DELETE CASCADE ON UPDATE CASCADE;

--
-- Constraints for table `pengajuan_upah_borongan`
--
ALTER TABLE `pengajuan_upah_borongan`
  ADD CONSTRAINT `pengajuan_upah_borongan_ibfk_1` FOREIGN KEY (`id_upah`) REFERENCES `gaji` (`id`) ON DELETE CASCADE ON UPDATE CASCADE;

--
-- Constraints for table `reset_password`
--
ALTER TABLE `reset_password`
  ADD CONSTRAINT `reset_password_ibfk_1` FOREIGN KEY (`id`) REFERENCES `karyawan` (`id`) ON DELETE CASCADE ON UPDATE CASCADE;
COMMIT;

/*!40101 SET CHARACTER_SET_CLIENT=@OLD_CHARACTER_SET_CLIENT */;
/*!40101 SET CHARACTER_SET_RESULTS=@OLD_CHARACTER_SET_RESULTS */;
/*!40101 SET COLLATION_CONNECTION=@OLD_COLLATION_CONNECTION */;
